id,gender,accent
4142.amr,1,0
1033.wav,0,1
640.mp3,0,2
453.amr,0,0
4113.wav,1,2
1408.wav,0,1
3566.wav,1,1
1748.wav,1,1
203.mp3,0,2
4105.mp3,1,2
5515.wav,1,2
1874.mp3,1,0
5145.wav,1,2
800.wav,0,2
897.mp3,0,0
2088.mp3,1,0
1523.wav,0,1
3606.wav,1,1
5542.wav,1,2
3286.amr,1,2
1123.wav,0,2
3658.wav,1,2
4058.wav,1,0
4638.amr,1,2
1931.mp3,1,0
1745.mp3,1,0
5500.wav,1,2
214.amr,0,2
2245.wav,0,1
777.mp3,0,0
3901.wav,1,2
4985.mp3,0,1
1803.wav,1,1
991.wav,0,1
332.wav,0,2
1886.wav,1,2
4071.wav,1,2
1242.wav,0,1
2461.mp3,0,0
947.wav,0,1
143.wav,0,1
3641.wav,1,2
2052.mp3,1,2
5384.wav,1,0
4325.mp3,1,2
5201.wav,1,2
4324.mp3,1,2
548.mp3,0,0
3909.wav,1,2
794.mp3,0,0
3223.wav,1,1
2282.mp3,0,0
4770.amr,1,0
3986.mp3,1,2
3725.amr,1,1
3121.wav,1,2
4934.amr,1,1
4096.amr,1,2
3625.mp3,1,2
4021.mp3,1,2
4404.mp3,1,2
3608.wav,1,1
481.amr,1,2
4998.wav,1,2
5267.wav,1,1
4150.wav,1,1
4341.mp3,1,2
3443.wav,1,1
2629.mp3,0,0
114.mp3,0,2
4824.wav,1,2
4350.wav,1,1
754.amr,0,2
4628.amr,1,1
3272.wav,1,1
3575.wav,1,1
3120.amr,1,2
992.wav,1,2
1837.mp3,0,1
2874.wav,1,1
4584.wav,1,2
1615.mp3,1,2
3049.wav,1,1
352.mp3,0,2
4336.wav,1,1
4007.mp3,1,2
5336.wav,1,2
2065.mp3,1,0
2500.wav,0,1
4133.mp3,1,2
111.mp3,0,2
5092.wav,1,2
3713.mp3,1,2
774.mp3,0,2
5466.wav,1,2
1288.wav,0,1
4139.mp3,1,2
1271.wav,0,1
4555.wav,1,2
4895.wav,1,2
635.mp3,0,2
1772.mp3,1,0
1501.wav,0,1
4281.wav,1,1
3674.wav,1,2
4655.wav,1,2
926.wav,0,2
4434.wav,1,2
2037.mp3,1,0
1200.wav,0,1
3488.wav,1,1
3004.wav,1,1
190.mp3,0,0
4544.mp3,1,2
263.mp3,1,2
2677.mp3,0,0
2045.mp3,1,0
3861.mp3,0,1
1984.amr,1,2
1773.wav,1,2
1274.wav,1,1
2422.mp3,0,0
1246.wav,0,1
2682.mp3,0,2
4532.wav,1,2
4771.mp3,1,2
3839.wav,1,2
4115.wav,1,1
1199.wav,0,1
3109.wav,1,2
1171.wav,0,2
933.amr,0,2
5509.wav,1,1
1185.wav,0,2
4754.mp3,1,2
4693.mp3,1,2
1622.mp3,1,0
4909.amr,1,2
4652.mp3,1,2
2919.wav,1,1
2029.mp3,1,0
3193.wav,1,1
257.mp3,0,2
4253.mp3,0,1
2249.amr,0,2
3302.wav,1,1
367.mp3,0,0
2700.amr,1,2
4633.amr,1,1
2172.mp3,1,0
2067.mp3,1,0
4995.mp3,1,2
2367.mp3,0,0
2049.wav,1,1
3080.amr,1,2
3454.wav,1,1
1923.mp3,1,0
1106.wav,0,2
2301.amr,1,2
4270.wav,1,2
852.mp3,0,2
3231.wav,1,1
3456.amr,1,0
3382.wav,1,1
4171.wav,1,2
1198.wav,0,1
400.amr,0,2
1241.wav,0,1
490.mp3,0,2
3771.wav,1,1
2631.mp3,0,1
1695.mp3,1,0
4765.mp3,1,2
387.mp3,0,2
2640.wav,0,1
5251.wav,1,1
2272.mp3,0,2
1668.wav,1,1
327.mp3,0,0
4100.mp3,1,2
1043.wav,0,2
2975.wav,1,1
1344.wav,0,1
5370.wav,1,2
3036.wav,1,2
538.amr,0,2
3693.wav,1,1
5260.wav,1,2
50.mp3,0,2
1672.mp3,1,2
3000.wav,1,1
237.mp3,0,2
3341.wav,1,1
1243.wav,0,1
5556.wav,1,1
1263.wav,0,1
1792.wav,1,2
5436.wav,1,2
5333.wav,1,2
464.mp3,0,0
2788.wav,1,1
2134.amr,1,2
5114.wav,1,1
1375.wav,0,1
185.mp3,0,2
4229.wav,1,2
2222.mp3,1,0
4900.wav,1,2
67.amr,0,0
184.mp3,0,0
5415.wav,1,2
4761.mp3,0,1
596.amr,0,2
5065.wav,1,1
2529.amr,0,2
4707.mp3,1,2
1004.wav,1,1
2783.wav,1,1
3271.wav,1,2
3450.wav,1,1
959.amr,0,2
1807.wav,1,0
2667.mp3,0,0
660.mp3,0,2
2586.mp3,0,0
3984.amr,1,2
2375.mp3,0,0
4371.mp3,1,2
2325.mp3,0,2
1150.wav,1,2
21.mp3,0,0
4978.mp3,1,2
457.mp3,0,1
488.amr,0,2
248.mp3,0,1
4329.mp3,1,2
3664.wav,1,2
4671.wav,1,2
3660.wav,1,1
475.mp3,0,2
97.mp3,0,2
870.mp3,0,2
41.mp3,0,2
5056.wav,1,2
260.mp3,0,2
4347.wav,1,1
525.amr,0,2
1532.wav,0,1
4712.mp3,1,2
1128.wav,0,2
1136.wav,1,2
4691.wav,1,2
698.amr,0,2
4966.amr,1,1
3900.amr,1,0
2278.amr,0,2
2736.wav,0,1
3433.wav,0,1
3880.wav,1,2
3815.wav,0,1
5126.wav,1,2
1930.mp3,1,0
3908.mp3,1,0
5431.wav,1,2
5473.wav,1,1
1266.wav,0,1
4257.mp3,0,1
3825.wav,1,2
2868.wav,1,1
3428.wav,1,1
4037.mp3,1,2
3583.wav,1,2
658.mp3,0,1
1460.wav,0,1
4487.mp3,0,2
788.wav,0,1
3775.mp3,1,2
3949.wav,1,2
2575.mp3,0,0
889.mp3,0,2
4774.mp3,1,2
3890.wav,1,2
2689.wav,0,1
688.amr,0,2
5296.wav,1,2
2729.amr,0,2
2925.wav,1,1
122.mp3,0,0
4066.mp3,1,2
3765.mp3,1,2
2938.wav,1,1
980.wav,0,0
2653.mp3,0,0
1868.mp3,1,2
3163.amr,1,2
3154.wav,1,1
1912.wav,1,2
4159.wav,1,1
2521.mp3,0,0
5269.wav,1,2
595.amr,0,2
1379.wav,0,1
2328.mp3,0,0
3389.wav,1,0
2851.wav,1,1
3068.wav,1,1
3779.wav,0,1
1729.mp3,1,2
4185.amr,1,0
5019.amr,1,2
4604.amr,1,0
5265.wav,1,2
3496.wav,1,1
5025.mp3,1,2
2778.wav,1,2
1769.mp3,0,1
5028.wav,1,1
266.mp3,0,2
2344.amr,0,2
3782.mp3,1,2
5037.wav,0,1
5452.wav,1,1
4247.wav,1,2
508.amr,0,2
5010.wav,0,1
1223.wav,0,1
3225.wav,1,1
389.mp3,0,2
965.amr,0,2
647.wav,0,2
4721.mp3,1,2
4344.wav,1,1
5217.wav,1,2
5004.wav,1,1
1943.mp3,1,0
3856.mp3,1,2
1740.mp3,1,0
1982.mp3,1,0
1619.mp3,1,0
1700.amr,1,2
862.mp3,0,0
2323.mp3,0,2
246.amr,0,2
5256.wav,1,1
191.wav,0,1
2554.amr,0,2
2618.mp3,0,1
5523.wav,1,0
866.mp3,0,2
1993.mp3,1,0
430.amr,0,2
1533.wav,0,1
4826.wav,1,2
769.mp3,0,2
2104.mp3,1,0
2845.wav,1,2
5507.wav,1,1
4897.mp3,0,1
3299.wav,0,1
709.mp3,0,1
4490.wav,1,2
969.mp3,0,2
1742.mp3,1,0
983.wav,0,0
3294.wav,1,1
1218.wav,0,1
3462.wav,1,1
803.mp3,0,1
1643.wav,1,1
3506.wav,1,1
4209.wav,1,0
1999.wav,1,2
1301.wav,1,2
4430.mp3,1,2
3852.wav,1,1
4775.wav,1,2
160.mp3,0,2
4903.mp3,1,2
1139.wav,0,2
3081.wav,1,1
2471.mp3,0,0
2720.wav,0,1
1340.wav,0,1
4318.wav,1,2
2782.wav,1,0
881.wav,0,2
2600.mp3,0,0
4433.amr,1,2
3258.wav,1,1
116.wav,0,2
811.mp3,0,0
1508.wav,0,1
834.mp3,0,0
420.wav,0,1
3385.wav,1,1
551.mp3,0,2
3133.wav,1,1
2977.wav,1,0
4979.mp3,1,2
4818.amr,1,0
1716.mp3,1,0
5273.wav,1,2
2735.mp3,0,0
1574.mp3,1,0
3717.mp3,1,2
589.mp3,1,0
4249.mp3,1,2
5278.wav,1,2
810.mp3,0,0
5021.wav,1,1
4198.amr,1,1
1850.mp3,1,0
873.wav,0,2
3933.mp3,1,2
2362.mp3,0,0
4426.wav,1,2
5124.wav,0,1
1627.wav,0,1
4201.mp3,1,2
3219.wav,1,1
685.amr,0,2
3281.wav,1,1
4750.wav,1,2
2361.mp3,0,1
4889.wav,1,2
1094.wav,1,2
1885.wav,1,2
3571.amr,1,2
3308.wav,1,1
4746.mp3,0,1
4831.mp3,1,2
3718.wav,1,2
3888.mp3,1,0
3480.wav,0,2
2359.mp3,0,0
3816.wav,1,2
927.mp3,0,1
739.wav,0,2
4195.amr,1,1
1434.wav,0,1
1925.mp3,1,0
3181.wav,1,1
1345.wav,0,1
917.amr,0,2
1882.mp3,0,0
3975.mp3,1,2
2763.wav,1,1
1052.wav,0,1
4060.mp3,1,2
4212.wav,1,1
4783.mp3,1,0
3156.wav,1,1
4887.mp3,0,1
5111.wav,1,1
2250.wav,0,1
276.wav,0,1
577.amr,0,2
1626.mp3,1,0
3760.mp3,1,2
1035.wav,0,1
5342.wav,1,2
4068.mp3,1,2
4975.mp3,1,2
5543.wav,1,2
73.mp3,1,0
4864.mp3,1,2
2748.wav,1,0
5480.wav,1,2
2012.amr,1,2
2118.mp3,1,0
2492.wav,0,0
3116.wav,1,1
4538.mp3,0,1
1036.wav,0,1
1376.wav,0,1
3070.wav,1,0
2612.mp3,0,0
4120.mp3,1,2
3758.wav,1,2
1543.wav,0,1
275.mp3,0,2
2228.wav,1,0
2414.mp3,0,0
5104.wav,1,2
377.mp3,0,2
3209.wav,1,1
3520.wav,1,1
4380.wav,1,2
916.wav,0,2
5461.wav,1,0
1272.wav,0,1
4423.wav,1,2
2028.mp3,1,0
1432.wav,0,1
2892.wav,1,0
368.mp3,0,2
1003.wav,1,2
2259.mp3,0,0
391.wav,1,1
3858.wav,1,2
2948.wav,0,0
816.mp3,0,2
2084.mp3,1,0
1509.wav,0,1
2952.wav,1,1
2304.mp3,0,0
3588.mp3,1,0
2086.mp3,1,0
92.amr,0,2
3098.wav,1,1
1570.mp3,0,1
2583.mp3,0,0
3208.wav,1,1
5326.wav,1,2
264.wav,0,0
1445.wav,0,2
648.wav,1,1
707.mp3,1,2
817.mp3,0,2
4178.mp3,1,1
1027.wav,0,1
737.mp3,0,2
5408.wav,1,2
5349.wav,0,2
5386.wav,1,2
886.mp3,0,2
869.mp3,1,0
5495.wav,1,2
3438.wav,1,1
47.mp3,0,1
2635.mp3,0,2
5310.wav,1,2
3829.mp3,1,2
3501.wav,1,1
3545.wav,1,1
2995.wav,1,1
785.wav,0,1
3360.amr,1,2
1196.wav,0,2
4810.wav,1,1
5490.wav,1,2
2158.wav,1,1
2800.amr,1,2
3304.wav,1,1
3747.mp3,1,2
1950.wav,1,1
2520.mp3,0,0
5140.wav,1,2
1447.wav,0,1
5176.wav,1,2
3274.wav,1,0
3791.wav,1,2
1483.wav,0,1
1503.wav,0,1
2072.mp3,1,0
2617.mp3,0,1
2201.mp3,1,0
2061.wav,1,2
1294.wav,0,1
3615.wav,1,2
894.amr,0,2
1157.wav,1,0
4295.mp3,1,2
5208.wav,1,1
5527.wav,1,1
4853.mp3,1,2
2790.wav,1,2
251.wav,0,1
1232.wav,0,1
1947.mp3,1,0
5148.wav,1,2
743.mp3,0,2
3113.amr,1,2
4363.mp3,1,2
5363.wav,1,1
4928.mp3,0,1
4592.mp3,1,2
956.mp3,0,2
1188.wav,0,1
2186.wav,1,1
221.amr,0,0
2428.wav,0,2
3015.wav,1,1
337.mp3,0,2
4535.amr,1,0
3117.wav,1,1
2374.amr,0,2
204.mp3,0,1
2593.mp3,0,0
5127.wav,1,2
3859.wav,1,2
2324.mp3,0,1
4343.wav,1,2
267.wav,0,2
721.mp3,0,2
1583.wav,1,0
662.mp3,0,1
3202.wav,1,1
2097.mp3,1,0
4972.amr,1,1
790.amr,0,2
1794.mp3,0,0
4639.mp3,1,2
715.amr,1,2
4847.mp3,1,2
1405.wav,0,1
5001.mp3,0,0
1862.mp3,1,0
603.amr,1,2
4203.wav,1,0
407.wav,0,1
3007.wav,1,1
2424.mp3,0,0
123.mp3,0,2
697.wav,0,2
3716.mp3,1,2
4884.amr,1,2
1057.wav,0,1
2719.mp3,0,1
4048.wav,1,2
1407.wav,0,1
5428.wav,1,0
5231.wav,1,2
5329.wav,1,2
4733.wav,1,1
4395.mp3,1,2
2751.wav,1,0
2137.mp3,1,0
3894.mp3,1,2
279.amr,0,2
2192.wav,1,1
3683.wav,1,1
3773.wav,1,1
4591.mp3,1,0
146.mp3,0,2
3569.wav,1,1
2329.mp3,0,0
5502.wav,1,2
4138.amr,1,2
1763.mp3,1,2
4726.mp3,1,2
1289.wav,0,1
5120.wav,1,2
3261.wav,1,1
3137.wav,1,0
890.mp3,0,2
5414.wav,1,2
744.amr,0,0
1038.wav,0,1
5474.wav,0,1
5427.wav,1,2
747.amr,1,2
2970.wav,1,1
5462.wav,1,0
1738.mp3,1,0
1304.wav,0,1
2707.mp3,0,0
892.amr,0,2
4527.wav,1,2
514.mp3,0,2
5518.wav,1,2
3868.wav,1,2
403.mp3,0,0
4940.amr,1,1
1298.wav,0,1
1125.wav,0,2
2218.mp3,1,0
2620.mp3,0,0
4207.mp3,1,2
3854.mp3,1,2
4422.wav,1,2
4747.mp3,1,2
3315.wav,1,1
2670.mp3,0,2
4183.wav,1,2
2289.mp3,0,0
4054.wav,1,2
4028.mp3,1,2
3915.wav,1,1
4237.wav,1,2
2637.mp3,0,0
2489.wav,0,0
4419.mp3,1,2
4594.amr,1,1
5301.wav,1,2
4239.wav,1,1
3522.wav,1,1
2632.mp3,0,0
3102.wav,1,1
1480.wav,0,2
149.mp3,0,2
183.wav,0,2
3144.wav,1,1
5212.wav,1,2
3874.mp3,1,1
2588.mp3,0,0
1621.mp3,1,0
1203.wav,0,1
5112.wav,1,1
195.mp3,0,2
1234.wav,0,1
1618.mp3,1,0
2963.amr,1,2
425.mp3,0,0
2791.wav,1,1
1594.wav,1,0
2041.mp3,1,0
4943.mp3,1,2
1935.amr,1,2
850.mp3,0,2
5121.wav,1,2
547.mp3,0,1
3734.mp3,1,2
4741.mp3,1,2
5328.wav,1,2
3256.wav,1,1
3215.wav,1,1
5358.wav,1,2
2539.mp3,0,0
5304.wav,1,2
2628.wav,0,2
4811.mp3,1,2
4621.amr,1,2
2054.mp3,1,2
5354.wav,1,2
2850.wav,1,1
2322.mp3,0,0
1833.wav,1,1
2931.wav,1,2
3687.wav,1,2
2609.mp3,0,1
578.amr,0,2
301.wav,0,2
5276.wav,1,1
5188.wav,1,2
4022.mp3,1,2
3314.wav,1,2
297.mp3,0,2
30.mp3,1,0
4366.mp3,1,2
2212.mp3,1,2
1989.mp3,1,0
3617.amr,1,0
4437.amr,1,0
651.mp3,0,2
1808.mp3,0,0
4718.amr,1,0
985.wav,0,2
5348.wav,1,1
2654.mp3,0,2
3055.wav,1,0
3950.mp3,1,2
2898.wav,1,2
637.wav,0,2
1736.wav,1,1
2978.wav,1,2
4065.amr,1,1
4231.wav,1,2
4812.mp3,1,2
4086.mp3,1,1
2717.wav,0,1
4917.wav,1,2
4725.mp3,1,2
5491.wav,1,2
4762.wav,1,1
755.mp3,0,2
451.mp3,0,1
4298.wav,1,2
5317.wav,1,0
909.mp3,0,2
4214.wav,1,2
2147.mp3,1,2
2436.mp3,0,0
3613.wav,1,1
5289.wav,1,2
3352.wav,1,1
2474.mp3,1,2
1793.mp3,1,2
3538.wav,1,1
2787.wav,1,1
4854.mp3,1,0
479.mp3,0,2
2840.wav,1,1
3814.wav,1,2
315.amr,0,2
4291.mp3,1,0
5453.wav,1,1
5311.wav,1,2
5547.wav,1,0
1387.wav,0,1
2305.amr,0,2
3395.wav,1,1
2348.amr,0,2
3461.wav,1,1
3138.wav,1,1
4111.wav,1,2
1994.mp3,0,1
2812.wav,1,2
3194.wav,1,0
105.amr,1,2
5343.wav,1,2
5166.wav,1,2
3016.wav,1,1
2451.mp3,0,0
5335.wav,1,2
2681.amr,0,2
3555.wav,1,1
3560.wav,1,1
2025.mp3,1,0
3099.wav,1,1
3905.mp3,1,2
1519.wav,0,1
2797.wav,1,0
1644.wav,1,1
5264.wav,1,2
1720.mp3,1,0
158.amr,0,2
36.mp3,0,2
5320.wav,1,0
4476.mp3,1,2
3784.mp3,1,2
350.amr,0,2
2664.mp3,0,0
2426.mp3,0,0
5486.wav,1,0
4314.wav,1,0
964.wav,0,2
2889.wav,1,1
4381.mp3,1,2
1705.mp3,1,0
1207.wav,0,1
5469.wav,1,2
3768.mp3,0,1
271.amr,1,2
4459.wav,1,2
363.mp3,0,1
2817.amr,1,1
2949.wav,1,1
2124.wav,1,0
4123.mp3,1,2
1960.wav,1,2
4219.mp3,1,2
2299.mp3,0,1
2928.wav,1,1
2090.mp3,1,0
5099.wav,1,2
4547.mp3,1,2
4440.wav,1,1
512.mp3,0,2
1669.mp3,1,0
1652.mp3,1,0
3889.mp3,1,2
1216.wav,0,1
1385.wav,0,1
4953.mp3,0,1
4911.mp3,0,1
5381.wav,1,2
722.mp3,0,0
3277.wav,1,1
1764.wav,1,2
3377.wav,1,2
1118.wav,0,2
4353.mp3,1,2
2396.mp3,0,0
3936.mp3,1,2
3707.mp3,1,2
5223.wav,1,2
1443.wav,1,1
2747.wav,1,1
3944.mp3,1,2
254.amr,0,2
507.amr,0,0
1158.wav,0,1
3276.wav,1,1
4102.mp3,1,2
2313.mp3,0,0
1403.wav,0,1
2360.mp3,0,0
4292.amr,1,2
3923.wav,1,0
2962.wav,1,0
416.amr,0,0
2872.wav,1,1
3250.wav,1,1
473.amr,0,2
5003.mp3,1,2
34.wav,0,2
156.mp3,0,2
3491.wav,1,1
5081.wav,1,1
3565.wav,1,0
2610.mp3,0,0
4152.mp3,0,1
1798.wav,1,1
209.amr,0,2
115.mp3,0,2
4667.mp3,1,2
3698.wav,1,2
1942.mp3,1,0
4478.wav,1,2
4317.amr,1,2
977.wav,0,2
2053.wav,1,0
4228.wav,1,0
2743.mp3,0,0
4391.amr,1,1
1995.wav,1,1
2178.mp3,1,0
937.amr,0,0
4931.mp3,1,0
1066.wav,0,1
1105.wav,0,2
1270.wav,0,1
3948.mp3,1,2
1887.mp3,1,0
1535.wav,0,1
419.mp3,0,2
4110.mp3,1,2
704.mp3,0,2
2647.mp3,0,0
5366.wav,1,2
4466.mp3,1,2
1858.mp3,1,0
3494.wav,1,1
2559.amr,0,2
3808.amr,1,1
4694.mp3,1,2
822.mp3,0,2
370.mp3,0,0
555.wav,0,1
3596.wav,1,1
1297.mp3,0,0
645.wav,0,1
319.wav,0,1
2547.mp3,0,0
4356.mp3,1,2
4306.wav,1,1
5206.wav,1,2
2.mp3,0,2
104.wav,1,2
4751.amr,1,1
524.mp3,0,0
4537.mp3,1,0
4355.amr,1,2
993.wav,0,2
3519.wav,1,1
910.wav,0,1
1965.wav,1,1
2094.wav,1,1
2638.mp3,0,0
1864.amr,1,2
1727.wav,1,1
975.wav,1,1
2711.mp3,0,0
518.mp3,0,0
4461.wav,1,2
5549.wav,1,1
3517.wav,1,1
454.mp3,0,2
5424.wav,1,1
808.amr,0,2
1181.wav,1,2
2122.wav,1,1
712.wav,0,2
3651.wav,1,2
166.amr,0,2
628.mp3,0,2
4265.mp3,1,2
2688.mp3,0,2
4506.wav,1,2
2073.amr,1,2
5395.wav,1,2
562.mp3,0,0
582.wav,0,2
4072.wav,1,1
868.wav,0,2
1486.wav,0,1
431.wav,0,1
1349.wav,0,1
1466.wav,0,1
776.amr,0,2
7.mp3,0,2
642.mp3,0,2
4673.wav,1,2
3563.amr,1,1
2704.mp3,0,2
1788.wav,1,1
1087.wav,0,1
3918.wav,1,2
4280.mp3,0,1
879.amr,0,2
456.amr,0,2
1278.wav,0,1
591.mp3,0,1
265.wav,0,2
1028.wav,0,1
905.wav,1,1
4427.mp3,1,2
2365.mp3,0,0
529.amr,1,2
4710.mp3,1,2
2808.amr,1,2
3621.mp3,0,1
3819.wav,1,1
5070.wav,1,2
696.amr,0,2
2900.wav,1,1
620.mp3,0,0
1835.wav,1,2
5048.wav,1,2
1363.wav,0,1
1365.amr,0,2
1116.wav,0,2
5481.wav,1,2
2480.amr,0,2
559.mp3,0,2
1371.wav,0,1
3152.amr,1,2
2613.wav,0,1
1080.wav,0,1
2225.mp3,1,0
3877.wav,1,2
3451.wav,1,1
4739.wav,1,2
3437.wav,1,1
851.mp3,0,0
1638.wav,1,2
5128.wav,1,2
2384.mp3,0,0
76.mp3,0,2
4675.mp3,1,2
218.mp3,0,1
4976.mp3,0,1
196.mp3,0,1
915.mp3,0,0
2902.wav,1,1
1588.mp3,1,0
189.mp3,0,2
3922.wav,1,1
1641.mp3,1,0
502.mp3,0,0
4622.amr,1,2
2314.mp3,0,0
174.amr,0,2
4034.mp3,1,2
4367.mp3,1,2
3752.wav,1,2
1323.wav,0,1
2769.wav,1,1
5350.wav,1,0
45.amr,0,2
2864.wav,1,1
857.amr,0,2
2412.amr,0,2
2996.wav,1,0
3088.amr,1,2
4496.mp3,1,2
2075.mp3,1,0
5465.wav,1,1
5511.wav,1,2
1581.mp3,1,0
2853.wav,1,0
4806.wav,1,1
1331.wav,0,1
5117.wav,1,2
3033.wav,1,1
4593.wav,1,2
5300.wav,0,1
3925.wav,1,2
655.mp3,0,0
3610.wav,1,0
2047.mp3,1,0
1155.wav,1,2
3409.wav,1,0
2240.mp3,1,0
736.amr,0,2
487.mp3,0,0
4312.wav,1,1
4965.wav,1,1
4241.wav,1,2
324.mp3,1,2
2999.amr,1,2
70.mp3,0,0
3460.wav,1,1
1568.wav,1,2
3924.amr,1,1
586.amr,0,2
3457.wav,0,1
1045.wav,0,1
2388.wav,1,0
5210.wav,1,2
5324.wav,1,2
3708.mp3,1,2
4630.amr,1,2
3715.mp3,1,0
756.mp3,0,2
3234.wav,1,1
1161.wav,0,1
471.wav,0,2
394.amr,0,2
482.amr,0,2
1012.wav,1,2
2994.wav,1,1
2911.wav,1,1
1952.mp3,0,1
2806.wav,1,1
2754.wav,1,1
4882.wav,1,2
996.wav,0,1
3896.mp3,1,2
3328.wav,1,1
291.amr,0,2
772.wav,0,2
4906.mp3,1,0
1828.mp3,0,1
1964.wav,0,1
2307.mp3,0,0
1172.wav,1,2
708.mp3,0,0
1338.wav,0,1
414.amr,0,2
3974.mp3,0,0
2816.wav,1,1
3531.wav,1,1
4687.mp3,1,2
3711.amr,1,2
2942.wav,1,1
1526.wav,0,1
4248.mp3,1,2
4245.amr,1,1
3342.wav,1,1
223.mp3,0,2
2109.mp3,1,2
2233.mp3,1,0
2852.wav,0,1
2351.wav,0,2
2923.wav,1,1
1986.mp3,1,2
4444.mp3,1,2
1078.wav,0,2
3339.wav,1,2
5435.wav,1,2
1491.wav,0,1
4202.wav,1,2
286.amr,0,2
2683.mp3,0,0
313.mp3,0,2
4926.wav,1,2
1589.mp3,0,1
1395.wav,0,1
2165.wav,1,1
4154.wav,1,2
3164.wav,1,1
2848.amr,1,2
1948.wav,0,1
1497.wav,0,1
5205.wav,1,1
78.wav,0,1
3669.mp3,1,2
3550.wav,1,1
2750.wav,1,1
4848.mp3,1,2
4879.mp3,1,2
4035.wav,1,2
3455.wav,1,1
93.wav,0,1
2069.mp3,1,0
4814.mp3,1,2
2455.wav,0,1
1212.wav,0,1
3368.wav,1,1
289.mp3,0,0
654.wav,1,2
5464.wav,1,2
5080.wav,1,1
3743.wav,1,1
2858.wav,1,1
4971.amr,1,2
3786.amr,1,2
1495.wav,0,1
4445.amr,1,2
4050.wav,1,2
4578.mp3,1,0
4027.mp3,1,2
14.mp3,0,1
4545.wav,1,2
3849.wav,1,2
2450.mp3,0,2
1734.wav,0,1
1606.mp3,1,0
198.amr,0,2
4098.wav,1,2
3652.wav,1,0
2031.mp3,1,0
3404.wav,1,1
5383.wav,1,2
5069.wav,1,2
1787.mp3,1,0
1515.wav,0,1
1732.mp3,1,2
2749.wav,1,1
1109.wav,0,2
1600.wav,1,1
2691.mp3,0,0
1711.mp3,1,0
2627.mp3,0,0
504.amr,0,2
54.mp3,0,2
2110.wav,1,1
679.mp3,0,0
4720.wav,1,2
3292.wav,1,1
1920.mp3,0,1
227.wav,0,2
112.mp3,0,1
2126.mp3,1,0
4994.wav,1,2
1739.mp3,1,0
4608.amr,1,2
3523.wav,1,2
5129.wav,1,0
3025.wav,1,1
2318.mp3,0,0
4063.amr,1,1
445.wav,0,1
4311.mp3,1,2
2884.wav,1,1
2912.wav,1,1
5467.wav,1,1
1855.wav,1,2
2068.mp3,1,0
64.amr,0,0
5229.wav,1,2
3872.amr,1,2
3280.wav,1,1
4929.wav,1,2
3446.wav,1,1
1258.wav,1,2
2568.mp3,0,0
3075.amr,1,2
2777.wav,1,1
1107.wav,0,2
1086.wav,0,2
2275.mp3,0,0
281.mp3,0,2
2669.wav,0,2
404.mp3,0,0
4224.amr,1,2
1494.wav,0,1
1972.mp3,1,0
3980.wav,1,2
5138.wav,1,1
1235.wav,1,1
32.mp3,0,2
2531.mp3,0,0
3840.wav,1,2
2022.mp3,1,0
3337.wav,1,1
566.mp3,0,1
197.mp3,0,2
3824.wav,1,1
2198.mp3,0,2
71.mp3,0,2
2730.mp3,0,0
1951.mp3,1,0
2894.amr,1,2
2459.mp3,0,2
2294.wav,0,2
3262.wav,1,0
2760.wav,1,1
3603.wav,1,1
5049.wav,1,2
2251.mp3,0,0
5033.mp3,1,2
2608.mp3,0,0
3507.wav,1,1
2238.mp3,1,0
4194.mp3,1,2
4892.wav,1,2
299.amr,0,2
3200.wav,1,2
205.mp3,0,2
1310.wav,0,1
3883.amr,1,2
1255.wav,0,1
1557.wav,0,1
2772.wav,1,1
998.wav,1,2
2819.wav,1,2
4471.wav,1,1
1691.mp3,0,1
2150.mp3,1,0
4708.mp3,1,2
3236.wav,1,2
3124.wav,1,1
2071.wav,0,1
1011.wav,1,2
1427.wav,0,2
5270.wav,1,2
1388.wav,0,1
4403.wav,1,2
2267.mp3,0,0
3346.wav,1,1
891.amr,0,2
317.mp3,0,0
3093.wav,0,1
3003.wav,1,1
2268.mp3,0,2
4644.wav,1,2
2462.amr,0,2
1601.mp3,1,0
4937.wav,1,2
3127.wav,1,1
2842.wav,1,1
1256.wav,0,1
1673.mp3,1,0
2405.mp3,0,0
4588.wav,1,2
2932.wav,1,0
1498.wav,0,1
4491.mp3,1,2
428.amr,1,2
5539.wav,1,1
5020.wav,1,2
4891.amr,1,1
898.amr,0,2
1971.mp3,1,0
5035.wav,1,1
4839.mp3,1,2
2062.mp3,1,0
3359.wav,1,1
995.wav,0,0
3013.wav,1,1
4193.wav,1,2
2421.mp3,0,0
1537.wav,0,1
629.amr,0,2
4567.wav,1,2
924.mp3,0,0
3884.mp3,1,2
4727.amr,1,2
1465.wav,0,1
5312.wav,1,2
396.amr,0,2
3210.wav,1,1
1476.wav,0,1
5247.wav,1,2
5116.wav,1,2
3860.amr,1,2
2004.mp3,1,0
272.mp3,0,2
5338.wav,1,2
5430.wav,1,2
4713.wav,1,2
3244.wav,1,1
3642.mp3,1,2
5530.wav,1,1
4930.mp3,1,2
4119.mp3,1,2
3201.wav,1,1
2954.wav,1,1
1510.wav,0,1
3589.wav,1,0
1703.wav,1,1
3529.wav,1,1
5288.wav,1,2
823.wav,0,1
4551.mp3,1,2
4533.mp3,1,2
4169.mp3,1,2
4017.wav,0,2
1214.wav,0,1
2984.wav,1,1
5365.wav,1,2
144.amr,0,2
233.mp3,0,2
506.mp3,0,1
1317.wav,0,1
3221.wav,1,1
3110.wav,1,1
4025.mp3,0,1
952.mp3,0,1
2809.wav,1,1
3392.wav,1,0
4012.wav,1,1
4556.wav,1,2
5118.wav,1,2
958.wav,0,2
4800.mp3,1,2
3578.wav,1,1
2148.mp3,1,0
1520.wav,0,1
621.mp3,0,1
5006.amr,1,1
5211.wav,1,2
1620.mp3,0,1
855.mp3,0,2
623.mp3,0,2
2822.wav,1,1
4376.wav,1,2
3162.amr,1,1
3245.wav,1,1
442.mp3,0,1
3999.wav,1,2
1159.wav,0,2
3128.wav,1,2
4382.amr,1,2
1417.wav,1,1
4308.mp3,1,2
2706.mp3,0,0
3489.wav,1,1
1061.wav,0,1
1876.wav,1,2
4230.mp3,1,0
1333.wav,1,1
5031.mp3,1,2
3100.wav,1,1
2177.mp3,1,0
1211.wav,1,1
963.mp3,0,2
1042.wav,0,1
2561.mp3,0,0
1245.wav,0,1
1731.mp3,1,0
5222.wav,1,2
3746.wav,1,1
1063.wav,0,1
766.amr,0,2
1791.mp3,1,0
40.amr,0,2
4303.wav,1,1
1022.wav,0,1
791.mp3,0,2
1936.wav,1,2
792.mp3,0,2
262.mp3,0,0
446.wav,0,1
333.amr,0,2
1228.wav,0,1
2019.mp3,1,0
5186.wav,1,2
2356.mp3,0,0
1590.mp3,1,0
4294.mp3,1,2
2131.amr,1,2
3942.wav,1,1
5097.wav,1,2
3167.wav,1,1
1687.mp3,1,0
1560.amr,0,2
3916.mp3,1,2
2121.mp3,1,0
1789.mp3,1,0
686.amr,0,2
5529.wav,1,2
2890.wav,1,1
5531.wav,1,0
2785.wav,1,1
5423.wav,0,1
2946.wav,1,2
2364.amr,0,2
4607.wav,1,1
187.mp3,0,2
3273.wav,1,1
552.mp3,0,1
4566.wav,1,2
3827.wav,1,1
3103.amr,1,2
3706.wav,1,2
1896.amr,1,2
2404.mp3,0,1
4097.mp3,1,2
4808.wav,0,1
5182.wav,1,2
5516.wav,1,1
2926.wav,1,1
4407.mp3,1,2
4807.wav,1,2
2033.wav,1,1
3998.wav,1,2
2599.wav,0,1
2286.mp3,0,1
3794.wav,1,0
4261.wav,1,0
4042.wav,1,2
3434.wav,1,1
2679.mp3,0,0
4322.amr,1,2
2964.wav,1,1
55.mp3,0,0
1496.wav,0,1
194.wav,0,1
2018.wav,1,2
2105.mp3,1,0
2875.wav,1,1
4425.wav,1,1
3375.wav,1,1
3332.wav,1,1
3941.wav,1,1
2194.wav,1,1
1630.wav,1,1
382.mp3,0,1
1169.wav,0,1
4267.mp3,1,2
1730.wav,1,0
5253.wav,1,1
1325.wav,0,1
2913.wav,1,1
3038.wav,1,1
3119.wav,1,1
5029.wav,1,2
2076.mp3,1,0
4331.mp3,1,2
22.amr,0,2
2063.mp3,1,0
1021.wav,0,1
3981.mp3,1,2
1484.wav,0,1
4872.wav,1,2
3105.wav,1,1
549.mp3,0,2
5318.wav,1,2
3562.wav,1,1
1617.amr,1,2
2143.wav,1,0
1975.mp3,0,1
3799.mp3,1,0
108.mp3,0,0
4546.amr,1,1
735.wav,0,2
746.mp3,0,1
261.mp3,0,2
5551.wav,1,1
2525.mp3,0,0
3331.wav,1,1
1175.wav,0,1
5293.wav,1,2
1098.wav,1,2
5241.wav,1,2
229.wav,1,1
411.mp3,0,0
4990.wav,1,1
4949.wav,1,1
164.mp3,0,2
2680.mp3,0,0
3581.wav,1,1
3619.wav,1,2
961.amr,0,2
4801.wav,1,2
1992.mp3,1,0
4641.mp3,1,2
4262.amr,1,0
3224.wav,1,1
4792.wav,1,2
560.mp3,0,0
2496.mp3,0,0
5232.wav,1,2
4689.wav,1,1
4838.wav,1,1
4984.wav,1,2
3313.wav,1,2
677.mp3,0,2
2807.wav,1,1
4307.mp3,1,2
4921.mp3,0,1
2336.mp3,0,0
2290.mp3,0,0
1901.mp3,1,0
856.mp3,0,0
3920.amr,1,1
1697.mp3,1,0
943.wav,0,1
711.amr,0,2
3959.wav,1,2
3533.wav,1,0
5261.wav,1,2
2087.wav,1,1
759.amr,0,2
2924.wav,1,1
1423.wav,0,1
1783.mp3,1,0
3607.wav,0,1
5429.wav,1,0
4510.mp3,1,2
2020.wav,1,1
4005.wav,1,2
1628.mp3,1,0
4498.wav,1,2
1485.wav,0,1
545.mp3,0,0
2195.mp3,1,0
409.mp3,0,2
3620.wav,1,2
2456.mp3,0,0
2943.wav,1,1
4988.mp3,1,2
4031.amr,1,0
3701.wav,1,2
3696.wav,1,1
2846.wav,1,1
843.mp3,0,0
860.mp3,0,2
597.amr,0,2
5175.wav,1,2
1404.wav,0,1
2434.wav,1,1
4866.wav,1,1
3301.wav,1,1
1031.wav,0,2
2505.mp3,0,0
509.mp3,0,2
1818.mp3,1,0
523.mp3,0,1
4585.mp3,1,2
815.amr,0,0
761.amr,0,2
5191.wav,1,2
3444.wav,1,1
1462.wav,0,1
1655.mp3,1,0
3541.wav,1,2
584.amr,0,2
3926.wav,1,2
4238.amr,1,2
2992.wav,1,1
1282.wav,0,1
3357.wav,1,1
723.mp3,0,2
444.mp3,0,0
1084.wav,0,2
82.wav,0,1
900.mp3,0,0
1756.mp3,1,2
2935.wav,1,1
3254.wav,1,2
678.mp3,0,2
95.mp3,0,2
5050.wav,1,2
3288.wav,1,1
1051.wav,0,2
4223.amr,1,2
1991.mp3,1,2
3218.wav,1,1
3667.wav,1,2
3945.mp3,1,2
5292.wav,1,2
5016.wav,1,0
491.mp3,0,0
2920.amr,1,2
1504.wav,0,0
1351.wav,0,1
2933.wav,1,1
2709.mp3,0,0
253.mp3,0,2
3528.wav,1,1
5280.wav,1,2
5237.wav,1,2
5225.wav,1,2
5478.wav,1,0
3813.mp3,1,2
5155.wav,1,2
3749.mp3,1,2
5036.mp3,1,0
230.amr,0,0
605.mp3,0,2
1046.wav,0,1
284.amr,0,2
2226.mp3,1,0
125.mp3,0,2
4122.wav,1,1
3989.wav,1,1
3278.wav,1,1
2501.wav,0,1
2407.mp3,0,2
2108.mp3,1,0
4840.mp3,1,2
4082.mp3,1,0
2483.amr,0,2
4108.mp3,1,2
398.mp3,0,1
3947.wav,1,2
5457.wav,1,2
4099.amr,1,2
2762.wav,1,1
3720.mp3,1,2
4088.wav,1,2
819.mp3,0,2
1299.wav,0,1
300.mp3,0,2
61.mp3,0,0
574.mp3,0,2
3647.mp3,0,1
4220.mp3,1,2
1875.mp3,1,0
1846.mp3,1,0
4519.amr,1,1
4157.wav,1,1
1634.mp3,0,1
3343.wav,1,2
5504.wav,1,0
1895.mp3,1,0
935.amr,0,0
3899.wav,1,2
1.mp3,0,2
2484.mp3,0,2
949.amr,1,2
3568.wav,1,1
2534.mp3,0,0
53.wav,0,1
5407.wav,1,0
579.mp3,0,2
1082.wav,0,1
1039.wav,0,2
1264.wav,0,1
4172.amr,1,0
151.mp3,0,0
5403.wav,1,0
57.mp3,0,0
2246.mp3,0,0
4502.mp3,1,2
2027.mp3,1,1
2190.mp3,1,0
2179.mp3,1,0
3146.wav,1,1
625.mp3,0,0
235.amr,0,2
1762.wav,0,2
4658.amr,1,2
4503.mp3,1,2
903.wav,1,2
3822.mp3,0,1
702.mp3,0,2
690.mp3,0,2
2415.wav,0,1
1944.mp3,1,0
5494.wav,1,2
4109.wav,1,2
4827.mp3,1,2
1939.wav,1,1
2486.wav,0,1
558.mp3,0,1
5450.wav,1,2
4764.wav,0,1
2032.amr,1,2
4954.mp3,1,2
2435.mp3,0,2
1369.wav,0,1
3694.mp3,1,2
5123.wav,1,2
3295.wav,1,1
752.mp3,0,0
2024.wav,1,1
1836.mp3,1,0
4923.wav,1,2
2446.mp3,0,0
2725.mp3,0,0
1775.mp3,1,2
2466.wav,0,1
934.mp3,0,2
4793.wav,1,2
3407.wav,1,1
4541.mp3,1,2
2300.mp3,0,0
4886.wav,1,2
904.wav,0,2
3996.wav,1,2
2869.wav,1,1
2056.mp3,1,0
1215.wav,0,1
2479.mp3,0,0
1913.mp3,1,0
4103.wav,1,1
1765.wav,1,1
3750.wav,1,1
3312.wav,1,1
4129.mp3,1,2
2277.mp3,0,0
210.mp3,0,0
3590.wav,1,1
2416.mp3,0,0
2877.wav,1,0
2371.amr,0,2
701.wav,0,1
3365.wav,1,2
703.mp3,0,2
2660.mp3,0,0
1888.wav,1,1
994.wav,0,2
1525.wav,0,1
5454.wav,1,2
172.mp3,0,2
2280.wav,0,0
4728.amr,1,2
5160.wav,1,2
2066.mp3,0,0
789.amr,0,2
4084.wav,1,2
4504.mp3,1,0
4333.wav,1,1
355.amr,0,2
5369.wav,1,2
2335.wav,0,2
1699.mp3,1,0
5371.wav,1,1
1777.mp3,1,0
821.mp3,0,1
3486.wav,1,1
1586.mp3,1,0
5058.wav,1,2
842.wav,0,2
18.mp3,0,2
5196.wav,1,1
2555.wav,0,1
5198.wav,1,2
3727.mp3,1,2
2200.mp3,1,2
1050.wav,0,2
1802.mp3,1,0
3293.wav,1,2
734.wav,0,1
2550.mp3,0,1
3993.wav,1,1
2330.mp3,0,2
3325.wav,1,0
5319.wav,1,2
435.amr,0,2
4410.mp3,1,2
2460.mp3,0,0
4606.mp3,1,2
1186.wav,0,2
3122.wav,1,1
1865.mp3,1,0
1166.wav,0,1
5078.wav,1,2
1980.wav,1,1
3022.wav,1,1
5076.wav,1,2
925.mp3,0,2
5142.wav,1,2
3511.wav,1,1
4400.mp3,1,2
5444.wav,1,2
3740.mp3,1,2
142.mp3,0,2
12.amr,0,2
1587.mp3,1,2
4589.amr,1,1
2536.wav,0,2
5012.wav,1,1
2712.mp3,0,0
3592.wav,1,1
1768.mp3,1,0
4301.wav,1,2
3104.wav,0,1
304.wav,0,1
2114.wav,1,2
3672.amr,1,2
1822.mp3,0,1
5008.mp3,1,2
2873.wav,0,2
1415.wav,0,1
2288.mp3,0,0
3344.wav,1,1
2370.mp3,0,1
2615.mp3,0,0
4036.wav,1,2
330.wav,1,1
302.wav,1,1
2997.wav,1,0
5286.wav,1,2
314.mp3,0,2
3831.wav,1,2
1941.mp3,1,2
4151.wav,1,1
3326.wav,0,1
1420.wav,0,1
5015.wav,1,2
1841.mp3,1,0
2955.wav,1,1
1790.wav,1,1
4469.mp3,1,2
806.mp3,0,2
1007.wav,0,2
2410.mp3,0,2
1522.wav,0,1
1596.mp3,1,0
4332.wav,1,2
359.mp3,0,2
3800.wav,1,2
2448.mp3,0,0
1261.wav,0,1
5017.wav,1,2
1225.wav,1,1
3748.mp3,1,2
3490.wav,1,0
4645.mp3,1,2
5287.wav,1,2
3014.wav,1,1
4513.mp3,1,2
2253.mp3,0,0
4467.wav,1,2
4456.amr,1,1
1070.wav,1,1
3614.wav,1,1
4649.mp3,1,2
2264.mp3,0,0
4158.mp3,1,2
4571.mp3,1,2
797.mp3,0,0
3970.wav,1,2
4415.mp3,1,0
4894.wav,1,2
2235.wav,1,1
4283.mp3,1,2
3556.wav,1,1
126.wav,0,2
1383.wav,0,1
4083.mp3,1,2
1959.wav,1,0
2663.mp3,0,0
1147.wav,0,2
268.wav,0,2
3390.amr,1,1
4200.wav,1,2
687.mp3,0,0
5193.wav,1,2
25.amr,1,2
178.mp3,0,2
2234.mp3,1,0
5458.wav,1,2
4521.mp3,1,0
3943.mp3,1,2
4939.wav,1,2
3367.wav,1,1
3820.wav,1,1
3041.wav,1,1
5041.wav,1,2
2775.wav,1,1
5230.wav,1,2
4418.wav,1,2
4599.mp3,1,0
2135.wav,1,1
4300.mp3,1,2
2974.wav,1,1
385.mp3,0,2
5100.wav,0,1
2789.wav,1,1
3287.wav,1,1
101.amr,0,2
3473.wav,1,1
1721.mp3,1,0
4227.amr,1,0
4648.mp3,1,2
3296.wav,1,1
4428.wav,1,2
4351.wav,1,1
3310.wav,1,1
1450.wav,1,2
814.wav,0,1
1664.mp3,1,0
1372.wav,0,1
1152.wav,1,2
5545.wav,1,1
1293.wav,0,1
1058.wav,0,1
3530.wav,1,1
4580.mp3,1,2
3761.wav,1,2
1974.wav,1,2
4662.mp3,1,2
5170.wav,1,2
1774.wav,1,2
2793.wav,1,1
1665.wav,1,2
3448.amr,1,2
3085.wav,1,1
1168.wav,0,2
4782.mp3,1,2
5204.wav,1,1
4763.wav,1,1
882.wav,0,1
1040.wav,0,1
885.mp3,0,2
5005.wav,1,1
2516.wav,0,1
1377.wav,0,2
4523.mp3,1,2
2824.wav,1,1
2528.mp3,0,0
3363.wav,1,1
1674.mp3,0,1
1448.wav,0,1
573.amr,0,2
59.mp3,0,0
42.amr,0,2
3862.wav,1,2
3204.wav,1,2
1784.wav,1,1
4450.mp3,1,2
3266.amr,1,2
5505.wav,1,1
4817.mp3,1,0
347.amr,1,2
1843.mp3,1,0
247.amr,0,2
3648.amr,1,0
4558.wav,1,2
3229.wav,1,1
2703.mp3,0,0
2273.wav,0,1
5163.wav,1,2
495.mp3,0,0
3690.mp3,1,2
1725.wav,1,1
3914.wav,1,2
1062.wav,0,1
5209.wav,1,2
3904.wav,1,0
2016.wav,1,2
3551.wav,1,1
423.amr,0,2
1163.wav,1,2
182.mp3,0,0
2811.wav,0,1
542.amr,0,2
2756.wav,1,1
2346.mp3,0,2
657.amr,0,2
3946.amr,1,2
5397.wav,1,2
3751.wav,1,2
4047.amr,1,0
462.wav,0,1
4414.mp3,1,2
3585.wav,1,1
5322.wav,1,2
954.amr,0,2
4424.mp3,1,2
4271.amr,1,1
3353.wav,1,1
496.mp3,0,0
4699.amr,1,1
1025.wav,0,2
4788.wav,1,1
1675.mp3,1,0
4958.wav,1,2
226.amr,0,2
1482.wav,0,1
2560.mp3,0,2
5372.wav,1,0
858.wav,0,1
3477.wav,1,1
1785.amr,1,2
4600.amr,1,2
520.mp3,0,0
2786.wav,1,2
2580.mp3,0,2
4485.wav,1,1
4740.wav,1,1
1899.mp3,0,1
3042.wav,1,1
3853.mp3,1,2
2557.mp3,0,1
1683.mp3,0,1
2011.wav,1,1
2909.wav,1,0
2007.amr,1,2
1047.wav,0,1
255.wav,0,2
1079.wav,0,1
732.amr,0,2
1449.wav,0,1
665.mp3,0,2
2727.mp3,0,2
4451.mp3,1,2
4002.mp3,1,2
1538.wav,0,1
1419.amr,0,2
3627.mp3,0,1
656.mp3,0,2
3958.amr,1,1
1806.wav,1,1
1195.wav,0,2
4359.mp3,1,2
649.wav,0,1
1970.mp3,1,0
4145.wav,1,2
4845.mp3,1,2
2503.mp3,0,1
1677.wav,1,0
848.amr,0,2
4443.mp3,1,2
2698.mp3,0,0
3423.wav,1,1
2695.wav,1,2
4334.amr,1,1
1416.wav,0,1
4542.mp3,1,2
5131.wav,1,1
2205.mp3,1,0
4256.wav,1,2
4116.amr,1,2
5214.wav,1,1
4362.wav,1,2
602.mp3,0,2
3136.wav,1,2
1821.mp3,1,0
4107.mp3,1,2
1336.wav,0,1
492.wav,0,0
1698.wav,1,1
2544.amr,1,0
713.wav,0,2
4114.wav,1,1
180.amr,1,2
1680.mp3,1,0
513.amr,0,2
3557.amr,1,2
3919.wav,1,2
2257.mp3,0,0
2918.wav,1,1
4255.mp3,1,2
1635.wav,1,0
1667.amr,1,2
5546.wav,1,0
503.mp3,0,0
1134.wav,0,2
4421.wav,1,2
4436.wav,1,1
5325.wav,1,2
3306.wav,0,1
1217.wav,0,1
3349.wav,0,2
1548.wav,0,1
5472.wav,1,2
2491.wav,0,1
5392.wav,1,2
1064.wav,0,1
3499.wav,1,2
16.mp3,0,0
5330.wav,1,2
4796.mp3,1,2
3030.wav,1,0
2862.wav,1,1
2591.mp3,0,0
3875.mp3,1,2
3372.wav,1,0
2796.wav,1,1
4858.wav,1,1
3710.amr,1,0
1280.wav,0,1
4697.mp3,1,2
4904.amr,1,1
3270.wav,1,2
3129.wav,0,1
1527.wav,0,1
1056.wav,0,1
1565.wav,0,1
5255.wav,1,2
4408.wav,1,2
598.amr,0,2
3869.wav,1,2
638.wav,0,2
4208.mp3,1,2
1001.wav,1,2
2136.mp3,1,0
162.mp3,0,2
1968.wav,1,2
4777.wav,1,2
2648.mp3,1,2
2350.amr,0,2
4528.amr,1,0
3233.wav,0,2
3481.wav,1,1
1184.wav,0,2
2271.mp3,0,0
417.mp3,0,2
1053.wav,0,1
1909.mp3,1,0
358.amr,1,2
2513.mp3,0,0
4182.mp3,1,2
113.mp3,0,0
3478.wav,1,1
4805.wav,1,2
3836.wav,1,2
557.mp3,0,0
2567.mp3,0,0
4956.wav,1,2
5133.wav,1,2
1065.wav,0,1
3934.amr,1,0
2339.mp3,0,2
984.wav,0,1
3929.mp3,1,2
4938.amr,1,2
4340.mp3,1,2
5091.wav,1,2
5521.wav,1,2
1804.mp3,0,1
4880.amr,1,0
1916.wav,0,1
2219.mp3,0,1
3817.wav,1,2
4922.wav,1,1
768.wav,0,2
480.amr,0,2
4568.mp3,1,2
3350.wav,1,1
3553.wav,1,1
4961.mp3,0,1
1553.wav,1,1
3046.wav,1,1
4516.wav,1,2
1614.amr,1,2
4991.mp3,1,0
4883.wav,1,1
2043.mp3,1,0
4625.mp3,1,0
1658.mp3,0,1
3198.wav,1,1
3191.wav,1,1
939.mp3,0,0
3174.wav,1,1
1562.wav,0,1
1429.wav,0,1
2005.wav,1,1
1156.wav,0,2
4785.mp3,1,2
1034.wav,0,2
2337.mp3,0,0
3764.mp3,1,2
1809.mp3,1,0
3969.mp3,1,2
1830.mp3,1,2
5087.wav,1,2
1334.wav,0,1
287.mp3,0,0
521.wav,0,1
1801.mp3,1,0
2814.wav,0,1
375.mp3,0,0
2509.mp3,0,2
4822.mp3,1,2
4574.mp3,1,2
5393.wav,1,2
1825.mp3,1,2
3789.mp3,1,2
4702.wav,1,2
5039.mp3,0,1
1020.wav,0,2
1719.mp3,1,0
4732.wav,1,2
5417.wav,1,0
3940.mp3,1,2
373.amr,0,2
5258.wav,1,2
920.amr,0,2
4794.wav,1,2
3358.wav,1,1
356.amr,1,2
4091.mp3,1,2
1422.wav,0,1
3543.wav,1,1
4615.mp3,1,2
2668.mp3,0,0
3911.wav,1,2
3043.wav,1,2
2333.mp3,0,0
3866.mp3,1,2
1696.amr,1,2
4902.wav,1,2
5233.wav,1,2
4299.wav,1,1
5513.wav,1,2
4146.wav,1,1
787.amr,0,2
4616.wav,1,2
1926.mp3,1,0
2113.amr,1,2
5013.mp3,1,2
5101.wav,1,2
3535.wav,1,1
4309.wav,1,2
148.wav,0,2
2687.wav,0,1
2098.mp3,1,0
3050.wav,1,0
1384.wav,0,2
1636.mp3,1,0
2345.mp3,0,0
2223.mp3,1,0
3065.wav,1,1
489.mp3,0,0
4160.mp3,1,2
2343.wav,0,1
1759.wav,1,1
2515.mp3,0,0
2576.mp3,0,2
2702.mp3,0,0
5497.wav,1,2
2738.mp3,0,0
5073.wav,1,2
1433.wav,0,1
2882.wav,1,1
1750.mp3,0,1
2535.mp3,0,0
1800.mp3,1,0
458.mp3,0,0
2398.mp3,0,1
981.wav,0,2
1967.mp3,1,0
2255.wav,1,1
4075.wav,1,2
4967.wav,1,1
3252.wav,1,1
865.wav,0,1
1517.wav,0,1
5228.wav,1,2
1728.mp3,1,0
3879.wav,1,1
1709.mp3,1,2
1867.wav,1,2
3843.wav,1,1
3878.wav,1,1
1819.mp3,1,2
1426.wav,0,0
650.mp3,0,2
3177.wav,1,1
536.amr,0,2
669.mp3,0,2
136.wav,1,1
2584.mp3,0,0
3320.wav,1,2
3902.mp3,0,1
1122.wav,0,2
3422.wav,1,1
2232.wav,1,1
4610.mp3,1,0
3027.wav,1,1
4240.wav,1,2
2988.wav,1,1
4360.wav,1,2
4252.wav,1,2
4352.mp3,1,2
813.mp3,0,0
1584.mp3,1,0
4874.mp3,1,2
2581.mp3,0,0
4619.mp3,1,2
2982.wav,1,0
4890.wav,1,1
3232.wav,1,1
1160.wav,0,1
2621.mp3,0,0
5077.wav,1,1
4799.wav,1,2
3414.wav,1,1
3064.wav,1,2
4008.amr,0,0
4254.amr,1,2
4828.wav,1,2
619.mp3,0,2
830.mp3,0,2
4442.wav,1,2
2369.mp3,0,0
4204.mp3,1,2
571.mp3,0,2
4924.wav,1,1
2211.wav,1,0
564.wav,1,1
4918.wav,1,2
80.mp3,0,0
2413.wav,0,1
2302.mp3,0,0
4855.mp3,1,1
614.mp3,0,2
1661.mp3,1,0
2403.wav,0,1
3431.wav,1,1
2393.wav,0,1
4723.wav,1,2
1259.wav,0,2
3935.mp3,1,2
2419.mp3,0,1
2847.wav,1,2
3073.wav,1,1
3737.mp3,1,2
4089.wav,1,2
2399.amr,0,2
1149.wav,0,2
1613.wav,1,1
3845.mp3,1,2
618.amr,1,2
224.mp3,0,2
5447.wav,1,2
20.wav,0,1
2810.amr,1,2
3096.wav,1,1
846.mp3,0,2
3697.mp3,1,2
2724.mp3,1,0
3366.wav,1,1
1428.wav,0,1
2956.wav,1,1
4330.mp3,1,2
537.mp3,0,0
2418.mp3,0,0
5226.wav,1,2
5245.wav,1,2
3709.wav,1,1
2832.wav,1,2
1851.mp3,1,0
278.mp3,0,2
4586.mp3,1,2
241.mp3,0,2
2699.wav,0,1
1268.wav,0,1
4454.mp3,1,2
3419.wav,1,1
505.mp3,0,0
1343.wav,0,1
3729.amr,1,1
3633.wav,1,2
1354.wav,0,1
3830.wav,1,1
2464.mp3,0,0
1060.wav,0,0
372.amr,0,2
2431.mp3,1,2
3427.wav,1,1
3818.mp3,1,2
531.mp3,0,1
944.wav,0,2
4288.wav,1,2
2771.wav,1,1
2776.wav,1,1
3978.mp3,1,2
5368.wav,1,2
953.amr,0,2
4448.wav,1,1
3032.wav,1,2
4070.mp3,1,2
667.amr,0,2
5410.wav,1,2
2473.mp3,0,0
872.amr,0,2
4846.wav,1,1
3733.wav,1,2
2625.mp3,0,0
710.amr,1,2
165.wav,1,2
2958.wav,1,1
4678.wav,1,2
570.amr,0,2
2409.mp3,1,0
3187.wav,1,1
134.mp3,0,2
4213.mp3,1,2
4859.mp3,1,2
2327.amr,0,2
3130.wav,1,1
4736.mp3,1,2
4140.amr,1,2
5199.wav,1,1
3938.mp3,1,2
1283.wav,1,2
3002.wav,1,1
3044.wav,1,1
4090.mp3,1,2
4062.mp3,1,2
4153.mp3,1,2
1220.wav,0,1
2358.mp3,0,0
3635.mp3,1,2
277.mp3,0,1
5297.wav,1,2
546.wav,0,1
2768.wav,1,1
641.wav,0,1
3967.mp3,1,2
664.amr,1,2
4899.mp3,1,2
3634.mp3,1,2
307.wav,1,2
154.mp3,0,0
3145.wav,1,0
4211.amr,1,1
3546.wav,1,1
840.mp3,0,2
3537.wav,1,1
3871.mp3,1,2
3739.wav,1,2
2969.wav,1,0
1370.wav,0,1
3755.amr,1,2
1778.mp3,1,0
3692.amr,1,1
576.mp3,0,2
2855.wav,1,1
348.mp3,0,2
2366.mp3,0,2
3482.wav,0,1
5197.wav,1,1
321.mp3,0,2
4562.wav,1,2
5422.wav,1,2
2961.wav,1,2
3107.wav,1,1
896.mp3,0,2
1414.wav,1,1
3609.wav,1,2
4768.mp3,0,1
4819.mp3,1,2
5187.wav,1,2
3452.wav,1,1
4216.wav,1,1
386.mp3,0,2
2429.mp3,0,0
3567.amr,1,2
308.mp3,0,0
2044.mp3,1,0
5220.wav,0,1
2646.wav,0,1
4735.mp3,1,2
3034.wav,1,1
2834.wav,1,1
2239.mp3,1,0
4936.wav,1,2
820.wav,0,1
2284.mp3,0,0
2849.wav,1,1
1373.wav,1,2
58.mp3,0,0
243.amr,0,2
2199.mp3,1,0
653.amr,0,2
2514.mp3,0,0
60.wav,0,1
4420.wav,1,2
2038.mp3,1,0
5396.wav,1,2
4885.wav,1,2
3053.wav,1,2
31.mp3,0,0
2425.mp3,0,1
3518.wav,1,2
4731.wav,1,1
3217.amr,1,2
173.amr,0,2
1380.wav,0,1
4061.wav,1,2
1679.wav,1,2
2039.wav,1,2
2885.wav,1,1
1145.wav,0,2
1164.wav,0,2
2298.amr,0,2
3927.wav,1,2
922.mp3,0,2
4993.wav,1,2
1816.amr,1,2
4177.wav,1,2
1231.wav,0,1
1138.wav,0,2
4024.wav,1,2
2674.mp3,0,0
3226.wav,1,1
3150.wav,1,1
5279.wav,1,2
1854.wav,1,1
4242.mp3,1,2
1531.wav,0,1
2030.mp3,1,0
3169.wav,1,1
2092.mp3,1,0
0.amr,0,2
5271.wav,1,1
3424.wav,1,1
516.wav,1,0
5387.wav,1,2
3616.wav,1,2
1949.mp3,1,0
3972.wav,1,2
544.mp3,0,2
2878.wav,1,1
290.wav,0,2
827.mp3,0,2
1208.wav,0,1
4364.wav,1,1
1026.wav,0,1
2000.mp3,1,0
357.amr,0,2
1838.mp3,1,0
5345.wav,1,2
901.mp3,0,2
4582.wav,1,2
2189.mp3,1,0
1474.wav,0,1
5248.wav,1,1
364.mp3,0,2
4284.wav,1,2
999.wav,1,1
1089.wav,0,2
1602.wav,1,2
1528.wav,0,2
1609.amr,1,2
1472.wav,0,1
1572.mp3,1,0
2823.wav,1,2
2744.amr,0,2
1832.amr,1,2
153.mp3,0,2
23.amr,0,2
4757.wav,1,2
2023.wav,1,1
3047.wav,1,1
5179.wav,1,2
4389.mp3,0,1
773.amr,0,2
2780.wav,1,1
4393.mp3,0,1
5360.wav,1,1
5351.wav,1,0
298.mp3,0,2
3057.wav,1,1
841.wav,0,2
1135.wav,0,2
2444.mp3,0,0
807.mp3,0,2
3985.mp3,1,2
3361.wav,1,1
2512.mp3,0,0
1210.wav,0,1
303.mp3,0,2
3679.wav,1,2
225.mp3,0,2
5376.wav,1,1
1230.wav,0,1
1715.wav,1,1
5244.wav,1,2
1753.wav,1,2
4095.amr,1,2
3090.wav,1,1
3189.wav,1,1
2423.mp3,0,0
5254.wav,1,2
100.mp3,0,2
384.mp3,0,2
3148.wav,1,1
2986.amr,1,2
1844.mp3,1,0
1743.mp3,1,0
3373.wav,1,1
216.mp3,0,0
4781.wav,1,2
135.amr,0,2
760.wav,0,1
28.wav,0,1
2619.wav,0,0
2159.wav,1,2
4597.wav,1,1
1963.mp3,0,0
5168.wav,1,2
2813.wav,1,1
3906.mp3,1,0
1870.mp3,1,2
4821.wav,1,1
5054.wav,1,2
1342.wav,0,1
4670.wav,1,2
2626.mp3,0,0
3990.wav,1,2
280.amr,0,2
4920.wav,0,2
2861.wav,1,1
2058.mp3,1,2
5135.wav,1,0
3928.mp3,1,2
1499.wav,0,1
585.mp3,0,1
3406.wav,1,1
3539.wav,1,2
725.wav,0,2
3425.wav,1,1
6.wav,0,1
4932.wav,1,2
724.amr,0,0
1029.wav,0,1
4477.mp3,1,2
2757.wav,1,1
2929.wav,1,0
316.mp3,0,0
3811.mp3,1,2
2042.amr,1,2
2310.mp3,0,0
2837.wav,1,0
3793.mp3,1,2
1219.wav,0,1
3735.wav,1,2
539.amr,0,2
1110.wav,0,2
2133.mp3,1,2
3558.wav,1,1
2494.mp3,0,2
2658.mp3,0,0
1071.wav,0,2
4632.mp3,1,2
3649.amr,1,2
2590.mp3,0,2
4512.wav,1,2
4259.mp3,1,2
5038.mp3,1,2
5040.wav,1,2
5034.mp3,1,2
5290.wav,1,2
4197.wav,1,2
4006.amr,1,1
140.mp3,0,0
2142.mp3,1,0
2784.wav,1,1
1595.wav,1,1
3624.wav,1,1
5202.wav,1,1
3666.mp3,1,2
3812.mp3,1,2
4759.amr,1,1
5488.wav,1,2
4489.wav,1,1
730.amr,0,2
592.mp3,0,2
5455.wav,1,1
3062.wav,1,2
880.wav,0,1
2472.wav,0,2
4779.wav,1,2
4080.mp3,1,0
997.wav,1,2
4015.amr,1,2
69.wav,0,2
3307.wav,1,0
4289.wav,1,2
52.wav,0,2
2184.mp3,1,0
3844.amr,1,1
501.mp3,0,0
4686.amr,1,2
1276.wav,0,1
2349.mp3,0,0
3388.wav,1,1
5171.wav,1,2
3686.wav,1,2
2690.mp3,0,0
5024.wav,1,2
4067.mp3,1,2
3573.wav,1,1
5517.wav,1,2
3078.wav,1,1
2666.wav,1,1
217.amr,0,2
4760.mp3,0,1
3387.wav,1,1
3937.wav,1,1
4553.mp3,1,2
4935.wav,1,2
2187.mp3,1,0
3248.wav,1,2
5425.wav,1,2
4338.wav,1,1
1605.mp3,1,0
331.mp3,0,2
2185.mp3,0,1
2385.mp3,0,0
2089.wav,1,1
599.mp3,0,2
3255.wav,1,1
3069.wav,1,1
2825.wav,1,1
3369.wav,1,1
4155.mp3,1,2
2530.wav,0,2
2241.mp3,0,0
5406.wav,1,2
957.mp3,0,2
2458.mp3,0,0
2139.mp3,1,0
4577.mp3,0,1
786.amr,0,2
4186.wav,1,2
2100.mp3,1,0
600.amr,1,2
5334.wav,1,0
4174.wav,1,2
1937.mp3,1,0
4973.wav,0,1
2210.wav,1,0
1194.wav,0,2
2511.mp3,0,2
4176.mp3,1,2
1997.mp3,0,0
3453.wav,1,1
3484.wav,1,2
2915.wav,1,1
4038.mp3,1,2
757.amr,0,2
2903.wav,1,1
2732.mp3,0,0
4149.wav,1,1
2651.mp3,0,2
4277.amr,1,0
3340.amr,0,2
727.mp3,0,1
3039.wav,1,1
1446.wav,0,1
2773.wav,1,1
2510.mp3,0,1
2652.mp3,0,0
4392.mp3,1,2
4275.mp3,1,2
718.amr,0,2
5281.wav,1,2
3031.wav,1,1
1464.wav,0,0
5307.wav,1,2
1314.wav,0,1
4620.mp3,1,2
4797.mp3,1,2
2508.wav,0,1
4952.mp3,1,0
4069.mp3,1,2
3665.mp3,1,2
434.mp3,0,2
2792.wav,1,2
2306.wav,0,2
1236.wav,0,2
1413.wav,0,1
5379.wav,1,2
1502.wav,0,1
946.amr,0,2
129.mp3,0,0
1908.mp3,1,0
1267.wav,0,2
4564.mp3,0,1
5439.wav,1,2
13.amr,0,2
1059.wav,0,1
3809.wav,0,1
5218.wav,1,2
2541.mp3,0,0
4719.mp3,0,1
2859.wav,1,1
2854.wav,1,1
2507.mp3,0,1
181.wav,0,2
2128.wav,1,2
4946.wav,1,2
5156.wav,1,2
1382.wav,0,1
5169.wav,1,2
436.mp3,0,2
380.amr,0,2
3207.wav,1,1
5284.wav,1,2
778.mp3,0,0
4016.mp3,1,2
1406.wav,0,1
2871.wav,1,1
5150.wav,1,2
2355.wav,0,1
2191.amr,1,2
3867.mp3,1,2
2901.wav,1,1
1678.amr,1,2
4860.wav,1,0
1412.wav,0,2
3678.amr,1,1
383.mp3,0,2
4130.amr,1,1
2634.mp3,1,2
399.wav,0,2
2454.mp3,0,0
971.mp3,0,0
853.amr,0,2
39.mp3,0,0
1402.wav,0,1
4053.amr,1,2
5449.wav,1,2
1811.mp3,1,0
5553.wav,1,1
124.wav,0,1
3471.wav,1,1
2881.wav,1,1
4861.mp3,1,2
3192.wav,1,1
3864.wav,1,2
3766.mp3,1,2
2014.mp3,0,1
923.amr,0,2
51.mp3,0,1
3421.wav,1,1
459.mp3,0,2
4274.amr,1,1
2598.mp3,0,0
1938.wav,1,1
2959.wav,0,1
1701.mp3,1,0
4439.mp3,1,2
1326.wav,0,1
3631.wav,1,2
3212.amr,1,2
3400.wav,1,1
98.mp3,0,2
3841.wav,1,2
1248.wav,0,2
106.mp3,0,0
590.mp3,0,2
2478.mp3,0,0
5314.wav,1,2
4791.wav,1,1
1067.wav,0,1
1461.wav,0,1
3087.wav,1,1
5347.wav,1,2
5027.wav,1,0
4074.wav,0,2
2117.mp3,1,0
5378.wav,1,2
3498.wav,1,1
5102.wav,1,2
639.mp3,0,2
2144.mp3,1,0
1922.wav,1,1
2392.mp3,0,2
3637.wav,1,1
3470.wav,1,1
5498.wav,1,2
4642.amr,1,0
2953.wav,1,1
4968.wav,1,1
5119.wav,1,1
3268.amr,1,1
2242.mp3,0,0
675.mp3,0,1
3265.wav,1,2
836.mp3,0,2
342.wav,0,1
1755.mp3,1,0
5277.wav,1,0
2896.wav,1,1
3384.wav,1,1
4787.amr,1,2
1111.wav,0,2
2432.mp3,0,2
3023.wav,1,1
1869.mp3,1,0
1010.wav,0,2
5492.wav,1,2
4651.wav,1,2
1554.wav,0,1
1656.wav,1,1
274.amr,0,2
863.mp3,0,2
3728.wav,1,2
1339.wav,0,1
1884.mp3,1,0
3076.wav,1,1
4802.wav,0,1
2967.wav,1,1
1330.mp3,0,2
615.mp3,0,2
3676.mp3,1,2
4683.amr,1,1
1516.wav,0,1
2914.wav,1,1
2857.wav,1,1
5235.wav,1,0
5062.wav,1,1
4465.wav,1,2
2099.wav,1,2
967.wav,0,1
4173.wav,1,2
4870.amr,1,2
2378.mp3,0,0
970.mp3,0,2
4181.wav,1,2
5014.mp3,1,2
4573.mp3,1,2
3237.wav,1,1
4180.wav,1,2
3798.mp3,1,2
3797.amr,1,2
3907.mp3,1,2
3526.wav,1,0
3657.mp3,1,2
3074.wav,1,1
4905.wav,1,2
5413.wav,1,2
4916.wav,1,1
2017.mp3,1,0
4078.mp3,1,2
3738.wav,0,1
4417.mp3,1,2
4263.amr,1,1
780.mp3,0,2
3173.wav,1,1
4345.wav,1,1
3848.mp3,1,2
854.amr,0,2
3574.wav,0,1
1817.mp3,1,0
2382.mp3,0,0
3474.wav,1,1
3630.mp3,1,2
374.amr,0,2
2993.wav,1,1
2504.amr,0,2
3263.wav,1,2
3623.amr,1,2
2937.wav,1,1
3598.wav,1,1
269.mp3,0,2
478.mp3,0,0
5164.wav,1,2
4406.wav,1,2
1312.wav,0,1
1358.wav,1,1
1642.mp3,1,0
5327.wav,1,2
3216.wav,1,1
1663.wav,1,1
1786.wav,1,0
4730.mp3,1,2
1932.wav,1,2
2549.wav,0,1
2197.wav,1,1
2116.mp3,0,1
3083.amr,1,2
339.amr,0,2
4361.mp3,1,2
3512.wav,1,1
4729.mp3,0,1
3458.wav,1,1
782.mp3,0,0
1651.wav,1,0
447.mp3,0,2
3939.amr,1,1
4659.amr,1,0
5068.wav,1,2
5471.wav,1,2
3726.mp3,1,2
4473.wav,1,2
2662.mp3,0,1
804.amr,0,2
5023.mp3,0,1
2352.amr,0,2
1313.wav,0,1
2463.mp3,0,2
3411.wav,1,1
1277.wav,0,1
2716.amr,0,2
2331.mp3,0,0
309.mp3,0,0
2441.mp3,0,1
588.mp3,0,2
4626.wav,1,2
2057.mp3,1,0
1776.mp3,1,0
3722.wav,1,2
3151.wav,1,2
4665.mp3,1,2
4470.mp3,1,2
4684.wav,1,1
1095.wav,0,1
5043.wav,1,1
5213.wav,1,1
1144.wav,1,2
1399.wav,0,2
2482.mp3,0,0
3510.wav,1,1
107.mp3,0,1
4529.wav,1,2
2206.mp3,1,0
2597.mp3,0,0
1921.wav,1,2
2966.wav,1,1
2163.amr,1,2
176.wav,0,0
295.mp3,0,0
5394.wav,1,2
3011.wav,1,0
259.mp3,0,2
1712.wav,1,2
5090.wav,1,0
1226.wav,0,1
1752.mp3,1,0
1088.wav,0,1
876.mp3,0,2
5192.wav,1,2
5136.wav,1,1
3835.wav,1,1
741.mp3,0,2
1781.mp3,1,0
4835.mp3,1,2
236.mp3,0,0
4752.mp3,1,2
3186.mp3,1,1
3731.amr,1,1
4650.mp3,1,2
3143.wav,1,1
4236.mp3,1,2
3188.wav,1,1
1893.mp3,1,0
3037.wav,1,2
4629.wav,1,2
1737.mp3,1,0
1805.wav,1,1
5203.wav,1,2
1637.mp3,1,0
3502.wav,1,0
1552.wav,0,1
3108.wav,1,1
87.amr,0,2
4369.amr,1,0
3572.wav,1,1
568.mp3,0,2
1361.wav,0,1
3172.wav,1,1
4716.wav,1,2
1014.wav,1,2
351.wav,0,0
893.mp3,0,2
3912.wav,1,2
1797.wav,1,0
799.amr,0,2
5389.wav,1,2
1392.wav,0,1
79.mp3,0,0
3885.wav,1,2
3685.mp3,1,2
3803.wav,1,2
2433.mp3,0,0
3509.wav,1,1
2833.wav,1,2
1131.wav,0,1
728.mp3,0,2
117.mp3,0,2
1761.wav,1,1
5011.mp3,1,2
5438.wav,1,1
1044.wav,0,1
2803.wav,1,1
784.mp3,0,2
4843.wav,1,1
322.mp3,0,2
5200.wav,1,2
5459.wav,1,2
1170.wav,0,0
4744.wav,1,2
2705.mp3,0,0
1453.wav,0,1
5134.wav,1,2
1979.mp3,1,0
4148.wav,1,1
2876.amr,1,2
2639.mp3,0,2
1237.wav,1,1
2303.mp3,0,0
1702.wav,1,1
326.mp3,0,0
2587.mp3,0,0
4126.mp3,1,2
2526.mp3,0,0
4672.wav,1,1
365.mp3,0,2
4575.wav,1,0
2254.mp3,0,0
5426.wav,1,0
4695.wav,1,2
390.mp3,0,2
3963.wav,1,2
2863.wav,1,1
3153.wav,1,1
1173.wav,1,1
3355.wav,1,1
1555.wav,1,1
3010.wav,1,0
5060.wav,1,1
3503.wav,1,2
1546.wav,1,1
613.mp3,0,2
4462.wav,1,2
3058.wav,1,0
878.mp3,0,2
426.mp3,0,2
344.wav,0,2
1074.wav,1,2
1137.wav,0,2
849.amr,0,2
5252.wav,1,2
4266.mp3,1,2
2799.wav,1,1
2164.mp3,1,0
2524.mp3,0,0
2096.mp3,1,0
1612.amr,1,2
2256.mp3,0,2
3485.wav,1,1
2921.wav,1,1
593.mp3,0,0
2093.wav,1,0
4704.mp3,1,2
5159.wav,1,2
1346.wav,0,2
3525.amr,1,2
4076.mp3,1,2
2009.mp3,1,0
3185.wav,1,1
1146.wav,0,2
2442.mp3,0,0
1284.mp3,0,2
3329.wav,1,1
2293.mp3,0,0
3410.wav,1,1
1610.wav,1,1
2377.mp3,0,0
4348.wav,1,2
3628.mp3,1,2
783.mp3,0,2
282.mp3,0,1
1265.wav,0,1
884.amr,1,2
1174.wav,0,1
5110.wav,1,2
2002.mp3,1,0
5299.wav,1,2
762.mp3,0,0
1378.wav,0,1
5373.wav,1,1
4493.amr,1,1
1391.wav,0,1
3467.wav,1,1
974.amr,0,0
353.mp3,0,2
4463.wav,1,1
1813.mp3,1,0
2102.amr,1,2
3493.wav,1,1
2095.wav,1,1
1101.wav,0,1
4032.mp3,1,2
4484.amr,1,2
4703.mp3,1,2
1751.mp3,1,2
2321.wav,0,2
1049.wav,0,1
2015.mp3,0,1
3479.wav,1,0
2283.mp3,0,0
199.amr,0,2
2641.wav,0,2
1362.wav,0,1
1505.wav,1,1
5082.wav,1,2
1396.wav,0,1
2308.wav,1,1
1398.wav,0,1
1608.mp3,1,2
1054.wav,0,1
3988.mp3,1,2
5072.wav,1,2
5194.wav,1,1
3052.wav,1,1
1286.wav,0,2
3626.mp3,1,2
3508.wav,1,1
3973.amr,1,0
5331.wav,1,2
3297.wav,1,1
720.mp3,0,1
4073.mp3,1,2
328.mp3,0,2
1459.wav,1,1
5216.wav,1,1
2818.wav,1,1
439.amr,0,0
137.mp3,0,2
5558.wav,1,1
4125.mp3,1,2
3754.wav,1,1
3347.wav,1,1
5067.wav,1,2
1900.wav,1,1
626.mp3,0,2
2596.mp3,0,1
1592.amr,1,2
4999.amr,1,2
988.wav,0,2
3259.wav,1,2
2237.mp3,1,2
1227.wav,0,1
3378.wav,1,1
2927.wav,1,1
2827.wav,1,1
4561.mp3,1,2
1424.wav,0,1
1549.wav,0,1
3597.wav,1,0
3253.wav,1,1
4134.wav,1,2
37.amr,0,2
3577.wav,1,1
4077.wav,1,2
5063.wav,1,2
1076.wav,1,1
3483.wav,1,1
4820.amr,1,0
406.amr,1,2
170.mp3,0,2
4474.mp3,1,2
4963.wav,1,1
4572.mp3,0,2
1468.wav,0,1
74.mp3,0,2
2990.wav,0,1
3220.wav,1,1
4165.wav,1,1
4676.mp3,1,0
4014.wav,1,2
3629.amr,1,2
2051.wav,1,1
2944.wav,1,2
4046.mp3,0,1
3114.wav,1,1
4020.wav,1,2
1438.wav,0,1
751.wav,0,1
206.amr,0,2
1008.wav,1,2
4681.mp3,1,2
875.amr,1,2
3705.mp3,1,2
5520.wav,1,2
2715.mp3,0,2
1120.wav,0,2
4377.amr,1,1
2263.amr,1,2
5341.wav,1,2
4514.mp3,1,2
4554.amr,1,0
3112.wav,1,0
3570.wav,1,1
5357.wav,1,2
666.amr,0,2
4357.wav,1,2
1670.mp3,1,0
469.mp3,0,0
4772.wav,0,1
2262.amr,0,2
4004.wav,1,2
3171.amr,1,2
4128.wav,1,2
634.amr,0,2
1129.wav,1,1
240.mp3,0,2
1840.mp3,1,0
1493.wav,0,1
1708.mp3,1,0
493.mp3,0,2
5377.wav,1,2
186.mp3,0,2
4660.mp3,1,2
376.mp3,0,0
5359.wav,1,2
3823.wav,1,2
3865.wav,1,2
4112.wav,1,2
3440.wav,1,2
1204.wav,0,1
899.wav,0,2
188.mp3,0,0
3983.mp3,1,2
5355.wav,1,2
2607.mp3,0,0
177.amr,0,2
5103.wav,1,2
4260.mp3,1,2
5499.wav,1,2
4164.wav,1,2
2815.wav,1,1
908.wav,1,0
1871.mp3,1,0
461.amr,0,2
1500.wav,1,1
215.mp3,0,2
5380.wav,1,2
3165.wav,1,1
1247.wav,0,1
4803.mp3,1,2
1599.mp3,0,1
3017.wav,1,1
4370.amr,1,2
3006.wav,1,1
3994.mp3,1,2
818.mp3,0,0
467.amr,0,2
4548.mp3,1,2
4603.wav,1,2
4983.amr,1,1
3123.wav,1,2
5018.wav,1,1
4569.wav,1,2
1006.wav,1,1
48.mp3,0,2
5007.wav,1,2
611.mp3,0,0
2129.mp3,1,0
3370.wav,1,1
2759.amr,0,2
2841.wav,1,1
1933.mp3,1,2
252.amr,0,2
1551.wav,0,1
918.mp3,0,0
1880.mp3,1,2
976.wav,1,1
366.mp3,0,0
3094.wav,1,1
4117.mp3,1,2
3472.wav,1,1
919.mp3,0,0
3178.amr,1,2
1490.wav,0,2
795.mp3,0,2
4468.mp3,1,2
2181.amr,1,2
5554.wav,1,1
3336.wav,1,2
234.mp3,0,2
3019.wav,1,0
2836.wav,1,2
2585.mp3,0,0
1556.wav,0,1
3971.mp3,1,2
2408.wav,0,1
5113.wav,1,2
4282.wav,1,1
109.mp3,0,2
5173.wav,1,2
1477.wav,0,1
4251.wav,1,2
1132.wav,0,2
4893.mp3,1,2
1881.mp3,0,2
824.wav,0,0
5026.mp3,1,2
2721.mp3,0,1
4944.wav,0,2
2411.mp3,0,0
4079.mp3,1,2
3211.wav,1,2
4388.mp3,1,2
200.mp3,0,2
4438.mp3,1,2
2070.mp3,1,0
3769.mp3,1,2
5059.wav,1,1
4192.mp3,0,1
930.mp3,0,0
581.wav,0,2
5534.wav,1,0
1481.wav,0,1
2123.mp3,1,0
110.wav,1,2
3179.amr,1,2
1322.wav,0,1
691.mp3,0,2
258.mp3,0,2
1097.wav,0,2
3931.wav,1,2
5180.wav,1,1
5433.wav,1,2
3348.wav,1,1
4509.wav,1,1
103.wav,0,0
4914.wav,1,1
3029.wav,0,1
2475.wav,0,1
1579.mp3,1,0
1108.wav,0,1
4327.wav,1,2
2481.amr,0,2
1563.wav,0,1
3008.wav,1,1
1796.mp3,1,2
4700.mp3,1,2
1189.wav,0,0
2312.mp3,0,0
1559.wav,1,1
2527.mp3,0,0
3381.wav,1,2
2498.mp3,1,0
1016.wav,0,2
3821.amr,1,0
3805.mp3,1,0
1209.wav,0,1
2470.mp3,0,0
5149.wav,1,1
3886.wav,0,1
828.mp3,0,0
798.wav,0,0
2795.wav,1,1
1892.mp3,1,2
3604.wav,1,2
914.mp3,0,2
4320.mp3,1,2
4023.amr,1,2
1544.wav,0,1
5094.wav,1,2
1598.mp3,1,0
4497.mp3,1,2
405.mp3,0,2
4013.mp3,1,2
3435.wav,1,1
2564.mp3,0,0
3956.wav,1,2
652.mp3,0,2
3796.mp3,1,2
4745.mp3,1,2
4313.wav,1,2
1306.wav,0,1
89.wav,1,1
4661.wav,1,2
3317.wav,1,1
1744.mp3,1,0
4711.mp3,1,2
2941.wav,1,1
5045.wav,1,1
4452.wav,1,2
1458.wav,0,1
4611.amr,1,1
2465.mp3,0,0
2338.mp3,0,0
4668.mp3,1,2
1367.wav,0,2
5032.mp3,1,2
4507.mp3,1,2
2533.mp3,0,0
5282.wav,1,2
1202.wav,0,1
2701.mp3,0,0
5154.wav,1,2
3756.wav,0,1
4385.mp3,1,0
4449.amr,1,1
864.mp3,0,2
3205.wav,1,2
4969.wav,1,1
2951.wav,1,1
4825.mp3,1,2
2910.wav,1,1
4460.wav,1,2
1117.wav,0,1
1580.mp3,1,0
3579.wav,1,1
3184.wav,1,1
2119.mp3,1,0
4315.wav,1,1
4244.amr,1,1
3601.wav,1,2
450.mp3,0,2
3468.wav,1,1
270.mp3,0,1
5274.wav,1,1
951.wav,0,2
4226.amr,1,2
1666.mp3,1,0
2543.mp3,0,0
4565.wav,1,1
1898.mp3,1,0
2665.mp3,0,1
2265.amr,0,2
3842.mp3,1,2
2726.mp3,0,0
161.amr,0,2
4446.mp3,1,2
1324.wav,0,1
4044.wav,1,1
767.wav,0,2
4734.wav,1,2
329.wav,0,2
3183.mp3,0,1
2334.amr,1,2
1758.mp3,1,2
622.wav,0,2
1229.wav,0,1
5177.wav,1,2
4372.wav,1,0
1072.wav,1,2
175.amr,0,2
2746.amr,0,2
2916.wav,1,2
245.mp3,0,1
4715.wav,1,1
3966.mp3,1,2
2673.wav,0,1
556.mp3,0,2
4674.mp3,1,2
2196.amr,1,2
4118.wav,1,2
4453.wav,1,1
3321.wav,1,2
3061.wav,1,1
5089.wav,1,2
4530.wav,1,0
5055.wav,1,1
318.mp3,0,2
644.mp3,0,2
1469.wav,0,1
911.wav,0,1
4057.mp3,1,2
5266.wav,1,2
3086.wav,0,2
1140.wav,0,2
3594.wav,1,1
861.wav,0,1
5071.wav,1,1
4234.mp3,1,0
1093.wav,0,2
2601.mp3,0,0
168.wav,0,2
4287.mp3,1,2
4137.wav,1,2
2835.wav,1,1
1130.wav,0,2
379.amr,1,2
4617.mp3,0,1
4323.wav,1,2
1969.wav,1,1
567.mp3,0,2
3513.wav,1,2
3732.wav,0,2
844.amr,0,2
1439.wav,0,1
1934.mp3,1,0
1492.wav,0,0
4583.wav,1,2
4844.mp3,1,2
3147.amr,1,1
5468.wav,0,2
4804.amr,1,1
1511.wav,1,1
2493.mp3,0,2
4942.mp3,1,2
3887.amr,1,1
1770.mp3,1,0
1795.mp3,1,1
150.amr,0,2
5374.wav,1,1
2899.wav,1,0
3847.wav,1,2
19.amr,1,2
533.mp3,0,1
5152.wav,1,2
3469.wav,1,2
2661.mp3,0,0
4997.mp3,1,2
192.wav,0,1
2678.mp3,0,0
145.mp3,0,2
2605.mp3,0,0
4268.wav,1,2
950.mp3,0,2
990.wav,0,0
4635.wav,1,2
4698.wav,1,1
2457.mp3,0,0
157.amr,0,2
2341.mp3,0,0
1894.amr,1,2
4310.mp3,1,2
4055.wav,1,2
2127.mp3,1,0
1829.mp3,0,1
3176.wav,1,1
510.mp3,0,2
1567.mp3,1,0
325.amr,0,2
5339.wav,1,1
335.mp3,0,0
2469.wav,0,1
2467.mp3,0,1
1633.mp3,1,0
2188.wav,1,0
1607.mp3,1,0
3640.wav,1,2
4339.wav,1,2
2971.wav,0,1
1625.wav,1,1
608.mp3,0,2
1394.wav,0,1
3521.wav,1,1
1357.wav,0,1
4457.wav,1,2
515.mp3,0,2
2517.amr,0,2
33.amr,0,2
3402.wav,1,1
4557.mp3,1,2
2153.mp3,1,2
2395.mp3,0,1
4094.mp3,0,1
4405.wav,1,2
1285.wav,0,1
4837.wav,1,1
1681.mp3,1,0
2161.wav,1,1
2888.wav,1,1
1961.mp3,1,0
311.mp3,0,2
1550.wav,0,2
2151.mp3,1,0
2829.wav,0,1
463.amr,0,0
5401.wav,1,2
4409.amr,1,0
310.amr,1,2
4947.mp3,1,2
2976.wav,1,1
1257.wav,0,1
2244.mp3,0,0
2386.mp3,0,0
4383.amr,1,2
978.wav,0,1
3141.amr,1,2
2112.mp3,1,0
4233.mp3,1,0
1704.mp3,1,0
1724.mp3,1,0
1812.mp3,1,0
4045.wav,1,2
4342.mp3,1,2
3447.wav,1,1
2167.wav,1,2
1521.wav,0,1
1682.wav,1,1
4225.mp3,0,1
5219.wav,1,1
683.amr,0,2
2761.wav,1,2
5446.wav,1,2
5367.wav,1,1
4964.wav,1,2
3115.wav,1,1
2215.amr,1,2
3190.wav,1,1
2309.mp3,0,0
2802.mp3,0,1
1197.wav,0,1
2540.mp3,0,0
1037.wav,0,1
3917.wav,1,1
2548.mp3,0,2
1350.wav,0,1
1366.wav,0,1
1872.wav,1,2
5476.wav,1,1
1400.wav,0,1
1827.mp3,1,2
2577.amr,1,2
733.mp3,0,2
465.amr,0,2
2542.mp3,0,2
1113.wav,0,2
1529.wav,0,1
4394.mp3,1,2
1735.amr,1,2
5391.wav,1,2
1389.wav,0,1
5053.wav,1,1
906.mp3,0,2
5009.wav,1,2
1824.mp3,1,0
2981.wav,1,1
3778.wav,1,2
1647.wav,1,1
1192.wav,0,2
1083.wav,0,2
4888.mp3,1,2
2295.amr,0,2
2569.mp3,0,0
1090.wav,0,1
3982.wav,1,2
1112.wav,0,2
1645.wav,1,2
1444.wav,0,1
3416.wav,1,1
2437.mp3,0,0
3548.wav,1,1
2160.wav,1,1
5533.wav,0,2
5399.wav,1,2
955.mp3,0,0
1081.wav,0,2
2406.mp3,0,0
3334.amr,1,2
3957.mp3,1,2
2950.wav,1,2
2830.amr,1,2
4011.mp3,1,2
2389.amr,1,2
2805.wav,1,1
231.amr,0,2
802.mp3,0,2
3554.wav,1,0
1569.mp3,1,0
1654.wav,1,0
1905.mp3,1,0
4784.mp3,1,2
2040.wav,1,1
5044.wav,1,1
5362.wav,1,1
497.wav,0,2
4009.wav,1,1
764.amr,0,2
1542.wav,0,1
606.mp3,0,2
3962.mp3,1,2
1957.wav,1,1
4877.amr,1,1
4869.amr,1,1
2693.mp3,0,0
3826.wav,1,2
4010.wav,1,1
4495.mp3,1,2
907.amr,0,2
3770.mp3,1,0
3303.wav,1,1
1240.wav,0,1
3804.wav,1,1
3721.wav,1,0
2380.mp3,0,0
3806.mp3,1,2
3118.wav,1,1
1489.wav,0,1
3757.amr,1,1
3195.wav,1,1
3333.wav,0,1
2175.mp3,1,2
1221.wav,0,1
3323.wav,1,1
1692.mp3,1,2
2770.wav,1,1
2831.wav,1,1
2281.wav,0,1
1390.wav,0,1
1911.mp3,1,0
1973.wav,1,1
719.wav,0,1
4365.wav,1,2
3441.wav,1,0
3955.wav,1,2
4156.wav,1,2
4850.amr,1,2
4915.amr,1,1
1471.wav,1,1
825.mp3,0,0
5108.wav,1,2
4296.wav,1,2
5309.wav,1,2
705.amr,0,2
2713.mp3,0,0
4605.mp3,0,1
211.mp3,0,0
2055.wav,0,2
2149.amr,1,2
2438.mp3,0,0
3405.wav,1,1
1341.wav,0,1
3781.wav,1,1
2745.mp3,0,0
871.mp3,0,0
4856.wav,1,1
5000.mp3,0,2
2291.mp3,0,0
692.amr,1,2
4829.wav,1,1
4722.wav,1,2
4.wav,0,1
5456.wav,1,2
4455.wav,0,1
2353.mp3,0,0
343.wav,0,2
4873.mp3,1,2
4168.wav,1,1
1726.wav,1,0
3882.mp3,1,2
4636.amr,1,1
3026.wav,1,1
1845.mp3,1,0
1048.wav,0,1
2906.wav,1,1
5143.wav,1,2
2741.mp3,0,0
1142.wav,0,2
3602.wav,1,1
4878.wav,1,2
11.amr,0,2
2794.wav,1,1
3714.mp3,1,2
731.amr,0,2
3289.wav,1,1
1254.wav,0,1
9.amr,0,0
2883.wav,1,1
346.mp3,0,0
2157.mp3,1,0
2347.mp3,0,1
5482.wav,1,1
5550.wav,1,2
1401.wav,0,1
2207.mp3,1,0
2696.wav,0,1
3009.wav,1,1
2430.mp3,0,0
2880.wav,1,1
5440.wav,1,2
3251.wav,1,2
4518.wav,1,2
2166.wav,1,1
4189.amr,1,1
4222.wav,1,2
3213.wav,1,2
2708.mp3,0,0
1279.wav,0,1
2980.wav,1,1
4898.mp3,1,2
472.mp3,0,0
4106.amr,1,1
1381.wav,0,1
1409.wav,0,1
1823.mp3,1,0
4302.mp3,1,2
3591.wav,1,1
62.amr,0,2
2008.mp3,1,0
3412.wav,1,2
208.amr,0,0
4435.wav,1,2
2368.mp3,1,0
219.amr,0,0
1577.mp3,1,0
833.mp3,0,2
5174.wav,1,2
1990.mp3,1,0
1311.wav,0,1
285.wav,0,2
1534.wav,0,1
26.mp3,0,2
3398.amr,1,2
1000.wav,1,1
138.amr,0,0
1953.mp3,1,0
3576.wav,0,1
3851.mp3,1,2
1019.wav,1,2
1966.mp3,1,0
5316.wav,1,2
2731.mp3,0,0
338.wav,0,1
3045.wav,0,1
362.mp3,0,0
1591.mp3,1,0
3680.wav,1,2
3.mp3,0,1
4000.wav,1,2
3661.wav,1,2
765.mp3,0,2
3199.wav,1,2
624.wav,0,1
5105.wav,1,1
4705.wav,1,2
3396.wav,1,1
4132.wav,1,0
4780.mp3,1,2
3643.mp3,1,2
2447.amr,0,2
4517.wav,1,2
4570.mp3,1,2
3564.wav,1,0
1300.wav,1,1
2372.mp3,0,0
895.mp3,0,0
91.mp3,0,0
931.wav,0,1
5181.wav,1,2
3415.wav,1,1
5074.wav,1,1
4982.mp3,1,2
1890.mp3,1,0
4175.wav,1,1
1018.wav,0,1
5442.wav,1,2
323.mp3,0,1
2499.mp3,0,2
805.amr,1,2
3160.wav,1,1
4631.mp3,1,2
5096.wav,1,1
1860.mp3,1,0
1536.wav,1,1
2258.mp3,0,0
1176.wav,0,2
2623.amr,0,2
2767.wav,1,1
4743.wav,1,2
1977.mp3,1,0
5538.wav,1,2
2243.mp3,0,2
3399.wav,0,1
1320.wav,0,1
1847.amr,1,2
2633.wav,0,1
1307.wav,0,1
3298.wav,1,1
5246.wav,1,2
334.mp3,0,2
921.wav,0,2
5536.wav,1,0
5189.wav,1,2
4919.mp3,1,2
1904.mp3,1,0
4706.mp3,0,2
65.mp3,0,0
1624.mp3,1,0
4601.amr,1,2
2991.wav,1,0
1903.wav,1,2
2229.mp3,1,0
4737.amr,1,0
1319.amr,1,2
5402.wav,1,0
3881.wav,1,1
5122.wav,1,2
3197.wav,1,2
2538.mp3,0,0
2315.amr,0,2
887.wav,0,1
2922.wav,1,1
3759.mp3,1,2
1940.wav,0,2
4278.amr,1,1
5002.amr,1,2
2870.wav,1,1
4179.wav,1,2
3206.wav,1,1
2106.mp3,1,0
2252.mp3,0,0
4857.wav,1,1
1639.mp3,1,0
2326.mp3,0,0
232.mp3,0,2
3155.wav,1,1
1987.wav,1,1
3300.wav,1,1
5165.wav,1,1
1100.wav,0,1
2697.mp3,0,0
4447.mp3,1,2
3736.mp3,1,2
3873.mp3,0,1
3149.wav,1,1
1956.mp3,0,1
3391.amr,1,2
5137.wav,1,1
572.mp3,0,2
2614.mp3,0,0
1723.wav,1,1
3891.amr,1,1
3682.wav,1,0
1981.wav,1,1
238.amr,0,2
3465.wav,1,1
4279.wav,1,2
2998.amr,1,2
1431.wav,0,2
3767.mp3,1,2
3741.mp3,1,2
2209.mp3,1,0
4876.amr,1,2
3319.wav,1,1
4769.amr,1,1
3356.wav,1,1
3403.wav,1,2
601.amr,1,2
4970.mp3,1,2
1177.wav,0,2
2765.wav,1,1
3327.wav,1,1
3552.wav,1,0
3095.wav,1,1
2383.mp3,0,0
3059.wav,1,1
4623.mp3,1,2
5272.wav,1,1
500.wav,0,2
2804.wav,0,1
320.wav,0,1
4030.wav,1,1
133.mp3,0,0
4508.mp3,1,2
3776.mp3,1,2
517.mp3,0,2
1883.wav,1,2
3893.mp3,1,0
5306.wav,1,2
3316.wav,1,1
4871.wav,1,1
415.wav,0,0
1329.wav,0,1
729.mp3,0,0
5079.wav,1,2
1814.mp3,1,0
4319.mp3,1,2
4293.mp3,1,2
2319.amr,0,2
86.amr,0,0
2443.mp3,0,1
2904.wav,1,1
2856.wav,1,1
2311.mp3,0,0
2220.mp3,1,0
2213.mp3,1,0
139.amr,0,2
1718.mp3,0,1
1233.wav,0,1
3979.mp3,1,2
1853.wav,1,1
4101.wav,1,0
877.mp3,0,2
369.amr,0,2
3774.amr,1,1
4272.wav,1,2
1017.wav,0,2
3374.wav,1,0
1250.wav,1,2
242.mp3,0,2
4432.wav,1,2
1976.mp3,1,0
1686.mp3,0,2
3618.wav,1,2
397.amr,0,2
5.mp3,0,2
5506.wav,1,1
838.mp3,0,2
763.amr,0,2
305.amr,0,2
1918.wav,1,1
3921.amr,1,1
4232.amr,1,0
441.mp3,0,0
1260.wav,0,1
4305.wav,1,1
3267.wav,1,1
661.amr,0,0
5151.wav,1,1
3547.wav,1,1
4316.mp3,1,2
228.amr,0,2
668.wav,0,2
511.amr,0,2
2645.mp3,0,0
2594.amr,0,2
1291.wav,0,1
5285.wav,1,2
1657.wav,1,1
2573.mp3,0,2
1418.wav,0,1
2107.amr,1,2
1593.mp3,1,2
5303.wav,1,2
2649.mp3,0,0
2248.mp3,0,0
4264.amr,1,2
2947.wav,1,0
5514.wav,1,2
3586.wav,1,2
3060.wav,1,1
4868.wav,1,2
2168.wav,0,2
1646.mp3,0,0
193.mp3,0,0
2867.wav,1,1
5528.wav,1,2
717.wav,0,1
5398.wav,1,2
616.mp3,0,0
2676.mp3,1,0
2221.mp3,1,0
3227.wav,1,1
3413.wav,1,1
4087.amr,1,2
2050.wav,1,0
4163.mp3,0,1
4795.mp3,1,2
1849.mp3,0,0
4475.mp3,0,1
5437.wav,1,2
90.mp3,0,2
2742.mp3,1,0
3429.amr,1,2
4690.wav,1,2
1104.wav,0,2
553.wav,0,0
4875.mp3,1,2
401.amr,0,2
4210.wav,1,2
5086.wav,1,2
4399.mp3,1,2
1576.mp3,1,0
3180.wav,1,2
2506.mp3,0,2
35.amr,0,2
3125.wav,1,1
636.wav,0,1
2146.amr,1,2
2180.amr,1,2
5337.wav,1,2
2176.amr,1,2
1165.wav,1,2
3012.wav,1,1
986.wav,0,2
1162.wav,0,2
5167.wav,1,2
4217.wav,1,2
550.wav,0,2
2247.mp3,0,0
437.amr,0,2
1842.amr,1,2
770.wav,0,2
3397.wav,1,1
2739.mp3,0,0
5075.wav,1,2
63.wav,0,1
4653.mp3,1,2
1455.wav,0,1
835.mp3,0,2
781.amr,0,0
27.mp3,0,0
2606.mp3,0,0
1253.wav,1,1
5557.wav,1,2
2083.mp3,0,0
2449.mp3,0,2
3837.mp3,0,0
2523.wav,0,1
3362.wav,1,2
4386.mp3,1,2
5195.wav,1,2
2034.wav,1,1
3951.amr,1,2
5487.wav,1,1
1820.wav,1,0
5409.wav,1,2
3432.wav,1,1
928.mp3,0,2
4218.mp3,1,2
3745.mp3,1,2
361.wav,0,2
1914.amr,1,2
3653.mp3,1,2
427.mp3,0,2
694.mp3,0,2
2269.mp3,0,1
4486.mp3,1,2
1507.wav,1,1
4258.wav,1,2
2296.mp3,0,0
5109.wav,1,0
5242.wav,1,2
3699.wav,1,2
617.mp3,0,2
4646.wav,1,2
4170.mp3,1,2
3290.wav,1,1
3593.wav,0,1
56.amr,0,2
1861.mp3,1,0
4396.wav,1,2
4749.mp3,1,0
3544.wav,0,1
4051.amr,1,2
2972.wav,1,1
2217.mp3,0,0
4957.mp3,1,2
4663.mp3,1,2
4481.amr,1,2
3688.wav,1,1
3953.mp3,1,2
575.mp3,0,1
3898.wav,1,2
4379.mp3,1,2
1332.wav,0,1
1244.wav,0,1
77.mp3,0,2
2417.mp3,0,0
4550.amr,1,2
945.mp3,0,2
3445.wav,1,1
3662.mp3,1,2
528.amr,0,2
1393.wav,0,1
3492.wav,1,2
534.mp3,0,2
4499.amr,1,1
1541.wav,0,2
1539.wav,0,1
1030.wav,0,1
395.amr,0,2
5061.wav,1,1
2120.wav,1,2
1632.mp3,1,2
3540.wav,1,1
2570.mp3,0,0
4127.amr,1,1
4974.mp3,1,2
2659.mp3,0,0
3723.mp3,1,0
706.wav,0,2
4881.amr,1,2
3719.amr,1,1
2445.wav,0,1
2078.mp3,1,0
2174.wav,1,1
5483.wav,1,1
4092.wav,1,2
3283.wav,1,1
5526.wav,1,1
4849.mp3,1,2
4483.wav,1,2
4026.mp3,1,2
5508.wav,1,2
5475.wav,1,2
3500.wav,1,2
4135.wav,1,2
4679.mp3,1,2
5496.wav,1,2
1766.mp3,1,0
1308.wav,0,1
3084.wav,1,1
3487.wav,1,1
3214.wav,1,1
527.mp3,0,2
1085.wav,0,2
4980.mp3,1,2
4701.mp3,1,2
4526.amr,1,0
3134.wav,1,1
5234.wav,1,2
1856.wav,0,1
5340.wav,1,2
646.amr,0,2
1440.amr,0,2
4543.wav,1,2
3595.wav,0,1
1996.mp3,0,0
3249.wav,1,1
2558.mp3,0,0
4685.wav,1,1
432.wav,0,2
771.mp3,0,2
3018.wav,1,1
118.mp3,0,0
4596.amr,1,2
4494.mp3,1,2
5445.wav,1,2
633.wav,0,2
4121.amr,1,1
1780.mp3,1,2
972.amr,0,2
2006.mp3,1,0
4959.wav,1,2
201.amr,0,2
2565.mp3,0,1
1451.wav,0,1
1650.mp3,1,0
4479.mp3,1,2
2376.mp3,0,2
1512.wav,0,1
3132.wav,1,2
2230.amr,1,2
960.mp3,0,2
987.wav,0,1
3228.wav,1,1
2602.mp3,0,2
2354.mp3,0,2
443.amr,0,2
5501.wav,1,2
1411.wav,0,1
5042.wav,1,1
3961.amr,1,1
1238.wav,0,1
5460.wav,1,2
1513.wav,0,1
565.amr,0,2
5493.wav,1,2
2826.wav,1,2
2734.mp3,0,0
4482.mp3,1,2
3284.wav,1,2
3703.mp3,1,2
2571.amr,0,2
671.amr,0,2
2208.wav,1,1
2940.wav,1,2
4612.mp3,1,2
1296.wav,0,1
288.mp3,0,0
3028.wav,1,1
867.amr,0,2
1689.amr,1,0
4472.wav,1,2
4896.mp3,1,2
4867.wav,1,1
3092.wav,1,1
2227.wav,1,2
1347.wav,0,1
5295.wav,1,1
2266.mp3,0,0
3001.wav,1,1
1302.wav,0,1
3670.mp3,1,2
4602.mp3,1,0
207.amr,0,2
449.mp3,0,1
1478.wav,0,1
4778.mp3,1,2
519.wav,0,2
4191.mp3,1,2
410.wav,0,1
1452.wav,0,1
5352.wav,1,0
29.wav,0,1
3246.wav,1,1
4563.mp3,0,1
1102.wav,0,2
429.amr,0,2
3788.wav,1,1
3549.wav,1,2
1190.wav,0,2
1436.wav,0,1
3559.wav,1,1
2945.wav,1,2
3376.mp3,1,2
3704.wav,1,2
294.amr,0,2
3418.wav,1,0
3810.mp3,1,2
5532.wav,1,1
2562.mp3,0,0
3079.wav,1,1
4492.wav,1,2
1946.wav,1,2
1741.amr,1,2
5346.wav,1,2
2292.amr,0,2
283.mp3,0,1
5051.wav,1,2
4413.mp3,1,2
2400.mp3,0,0
15.wav,0,1
486.mp3,0,2
1585.mp3,1,2
421.wav,0,1
2604.mp3,0,1
3239.wav,1,1
1024.wav,0,1
1437.wav,1,1
535.wav,0,2
4124.mp3,1,2
1722.mp3,1,0
2965.wav,1,1
3954.wav,1,1
3742.wav,1,1
2477.mp3,0,0
2985.wav,1,1
1597.mp3,1,0
801.amr,1,2
5390.wav,1,2
2397.mp3,0,0
4056.mp3,0,2
1206.wav,0,1
4358.wav,1,1
4852.mp3,1,2
4221.mp3,1,2
5088.wav,1,2
460.mp3,0,0
4539.mp3,1,2
2740.amr,0,2
3777.wav,1,2
393.mp3,0,2
1092.wav,0,2
3516.wav,1,2
3772.wav,1,2
3655.mp3,1,2
5555.wav,1,2
3131.amr,1,2
4756.amr,1,0
1410.wav,0,1
2592.mp3,0,0
3677.amr,1,2
3675.mp3,1,0
4598.mp3,0,2
5484.wav,1,0
4709.wav,1,2
2630.wav,0,0
2589.mp3,0,1
4677.wav,1,0
4863.mp3,1,2
2518.amr,0,2
632.amr,0,0
1328.wav,0,1
4029.mp3,1,2
1182.wav,0,2
2893.wav,1,2
2578.mp3,0,0
3910.amr,1,2
4531.wav,1,2
202.mp3,0,2
4851.mp3,1,2
3801.mp3,1,2
4273.wav,1,1
433.mp3,0,0
1831.wav,1,2
1425.wav,1,1
3335.wav,1,2
5305.wav,1,2
3795.wav,1,1
5418.wav,1,1
2886.wav,1,1
1985.wav,1,0
973.mp3,0,1
2968.wav,1,1
3913.mp3,1,2
5432.wav,1,2
452.mp3,0,0
4397.amr,1,1
85.mp3,0,0
468.wav,0,0
1857.amr,1,2
2276.mp3,0,0
4199.amr,1,1
152.mp3,0,0
413.mp3,0,2
306.mp3,0,0
2519.mp3,0,2
1575.mp3,1,0
673.wav,0,1
932.mp3,0,2
1685.mp3,1,0
1863.mp3,1,0
127.mp3,0,2
2317.mp3,0,2
1826.wav,0,2
4431.wav,1,2
5243.wav,1,2
141.mp3,0,1
4402.mp3,1,2
4368.amr,1,1
1316.wav,0,1
3051.wav,1,1
1193.wav,0,2
526.mp3,0,0
5147.wav,1,1
296.mp3,0,2
1191.wav,0,2
4243.wav,1,1
3992.mp3,1,2
5525.wav,1,2
758.wav,0,2
3291.wav,1,1
4836.mp3,1,2
4624.mp3,0,1
543.wav,0,1
5224.wav,1,2
5263.wav,1,2
3091.wav,1,1
4579.wav,1,2
5412.wav,1,2
4925.wav,1,2
4161.mp3,1,2
3126.mp3,1,1
4375.amr,1,2
612.amr,0,2
5537.wav,1,2
1578.wav,1,0
250.mp3,0,1
3524.wav,1,0
2908.wav,1,0
2373.amr,0,2
3681.mp3,1,0
631.mp3,0,2
4951.amr,1,0
3048.amr,1,2
3430.wav,1,1
2169.mp3,1,0
4738.wav,1,2
750.amr,0,2
745.wav,0,0
1337.wav,0,1
2685.mp3,0,0
1815.amr,1,2
4907.mp3,1,2
4714.mp3,1,2
812.mp3,0,2
1249.wav,0,2
2261.mp3,1,0
4912.amr,1,2
1397.wav,0,1
663.amr,0,2
4522.mp3,1,2
5524.wav,1,2
4143.mp3,1,2
455.mp3,0,2
4789.wav,1,2
388.mp3,0,2
2130.mp3,1,0
5540.wav,1,1
2686.mp3,0,0
4003.wav,1,2
1187.wav,0,2
1356.wav,0,1
2636.mp3,0,0
5178.wav,1,2
682.amr,0,2
1023.wav,0,2
4901.wav,1,1
604.amr,0,2
131.mp3,0,2
345.mp3,0,0
4505.mp3,1,2
4147.mp3,1,2
2616.mp3,0,2
1309.wav,0,1
422.amr,1,2
3089.wav,1,1
2003.wav,1,1
3514.wav,1,1
2387.mp3,0,0
1032.wav,0,1
1917.amr,1,2
4040.mp3,1,2
2556.amr,0,2
5512.wav,1,1
2983.wav,1,0
75.amr,0,2
84.mp3,0,2
1988.mp3,1,0
3832.wav,1,2
3408.wav,1,1
4501.wav,1,2
244.amr,0,2
1660.mp3,1,0
2487.mp3,0,0
674.wav,0,1
3903.mp3,1,2
3744.mp3,0,1
2103.wav,1,2
5146.wav,1,2
2132.mp3,1,0
381.amr,0,2
2891.wav,1,1
4387.mp3,1,2
3305.wav,1,2
3426.wav,1,0
167.mp3,0,0
2657.mp3,0,0
1897.wav,1,2
128.mp3,1,2
1839.amr,1,2
2391.mp3,0,2
3977.wav,1,2
3196.amr,1,2
1055.wav,0,1
4834.amr,1,1
4141.wav,1,2
4908.mp3,1,2
2650.mp3,0,0
1706.mp3,1,0
2622.mp3,0,0
402.mp3,0,2
68.amr,0,2
1103.wav,0,1
3497.wav,1,1
5125.wav,1,1
5519.wav,1,2
3142.wav,1,1
659.mp3,0,2
831.mp3,0,2
1540.wav,0,1
2316.mp3,0,0
5344.wav,1,1
3449.wav,1,1
4755.mp3,1,0
2643.mp3,0,0
5448.wav,1,2
336.mp3,0,2
4816.mp3,1,2
4290.wav,1,1
3846.wav,1,2
2402.mp3,1,0
643.wav,0,2
4480.mp3,1,2
412.wav,0,2
563.mp3,0,2
5283.wav,1,2
5083.wav,1,2
3932.mp3,1,2
1180.wav,0,2
1281.wav,0,1
2936.wav,1,1
4989.wav,1,2
1713.wav,1,2
10.mp3,0,2
2439.mp3,0,0
2828.amr,1,2
5221.wav,1,1
5066.wav,1,2
4981.wav,1,1
5250.wav,1,2
5302.wav,1,2
1623.mp3,1,0
726.mp3,0,2
5183.wav,1,2
3005.wav,1,1
1760.mp3,1,0
1558.wav,0,1
670.wav,0,2
3965.wav,1,2
292.mp3,0,0
1315.wav,0,1
3097.wav,1,1
962.amr,0,2
4647.wav,0,1
1273.wav,0,1
4429.wav,1,2
607.amr,0,2
1430.wav,0,1
1005.wav,0,1
2394.mp3,0,0
5353.wav,1,1
689.wav,0,2
2675.amr,0,2
1749.amr,1,2
4093.wav,1,2
5416.wav,1,2
4184.wav,1,1
3354.wav,1,1
4666.mp3,1,2
5364.wav,1,1
4776.mp3,1,2
4841.wav,1,2
2270.mp3,0,0
1919.mp3,0,1
4640.mp3,1,2
4862.wav,1,1
102.wav,1,1
341.mp3,0,2
2082.mp3,1,0
1684.mp3,1,0
3175.wav,1,1
4688.wav,1,2
2960.amr,1,2
5420.wav,0,1
3242.wav,1,1
3077.wav,1,1
5240.wav,0,1
966.amr,0,2
1292.wav,0,1
3654.mp3,1,2
1566.mp3,1,0
2502.mp3,0,1
2545.mp3,0,0
485.mp3,0,0
2551.mp3,0,0
4960.mp3,1,2
5382.wav,1,2
2224.mp3,0,2
2231.mp3,1,0
4349.wav,1,2
2193.wav,1,1
5030.wav,1,1
2728.mp3,0,2
1648.wav,1,2
3599.wav,1,1
2420.mp3,0,2
2595.mp3,0,0
2125.wav,1,2
610.wav,0,2
2091.mp3,1,2
438.mp3,0,2
2155.wav,1,2
4560.wav,1,0
378.mp3,0,2
1891.wav,1,1
4167.wav,1,2
3605.wav,1,1
5510.wav,1,2
3311.wav,1,1
3082.wav,1,1
630.mp3,0,1
2684.mp3,0,0
1955.mp3,1,0
169.mp3,0,2
2140.mp3,0,1
4378.mp3,1,2
4766.mp3,1,2
2490.mp3,0,1
5161.wav,1,1
2694.mp3,0,0
2236.wav,1,2
1611.mp3,1,0
2758.wav,1,1
340.mp3,0,2
5115.wav,1,2
5489.wav,1,2
2183.wav,1,1
5552.wav,1,1
832.mp3,0,2
2537.mp3,0,0
1124.wav,0,2
5405.wav,1,2
5470.wav,1,2
3476.amr,1,2
3495.wav,1,1
4136.mp3,0,1
3663.mp3,1,2
929.amr,0,0
1360.wav,0,1
38.mp3,0,0
3644.mp3,1,2
3106.wav,1,1
163.amr,0,2
3230.wav,1,2
1327.wav,0,1
1688.mp3,1,0
4085.mp3,1,2
3639.mp3,1,2
4524.wav,1,2
1640.wav,1,0
1907.mp3,1,0
4390.wav,1,2
4669.wav,1,2
2021.wav,1,1
3534.wav,1,1
1945.mp3,0,1
2013.amr,1,2
3054.wav,1,0
2655.mp3,0,0
948.mp3,0,0
4753.wav,1,2
213.mp3,0,2
4830.amr,1,1
4717.wav,1,2
753.mp3,0,2
4458.wav,1,2
1305.wav,0,1
5130.wav,1,2
2934.wav,1,1
1962.mp3,1,0
859.mp3,0,2
83.mp3,0,2
4758.wav,1,1
3364.wav,1,2
5544.wav,1,2
5184.wav,1,2
2798.wav,0,1
1374.wav,0,1
2979.wav,1,1
1303.amr,0,2
2582.amr,0,2
1530.wav,0,1
2488.mp3,0,0
3024.wav,1,1
499.wav,0,1
24.amr,0,2
5064.wav,1,2
680.mp3,0,0
2048.mp3,1,0
249.mp3,0,0
2077.wav,1,1
2552.wav,0,1
3420.wav,1,1
569.amr,0,0
2532.mp3,0,1
5052.wav,1,2
3371.wav,1,1
4767.amr,1,2
936.mp3,0,2
66.amr,0,2
5294.wav,1,2
609.mp3,0,0
1335.wav,0,1
1978.mp3,0,2
4131.wav,1,2
1073.wav,0,2
4590.mp3,1,2
3582.wav,1,1
1364.wav,0,1
1421.wav,0,1
2173.mp3,1,0
874.mp3,0,2
3383.wav,1,2
4692.wav,1,2
3702.amr,1,0
1262.wav,0,2
4945.wav,1,1
1782.mp3,1,0
4680.mp3,1,0
1547.wav,1,1
1754.mp3,1,0
1506.wav,1,1
3712.amr,1,2
3542.wav,1,1
1318.wav,0,1
1604.mp3,1,2
5262.wav,1,1
4773.mp3,1,2
3833.mp3,1,2
1475.wav,0,2
3393.wav,1,1
3504.wav,1,1
3439.wav,1,1
3463.wav,1,1
5361.wav,1,2
1457.wav,0,1
2866.wav,1,1
693.wav,0,1
1671.mp3,0,0
1099.wav,0,1
1473.wav,0,1
2779.wav,1,1
4682.mp3,1,2
3158.wav,1,1
2171.mp3,1,0
1767.mp3,1,0
2379.wav,0,1
5238.wav,1,2
4144.wav,1,2
4748.mp3,1,2
3892.wav,1,2
88.mp3,0,0
5084.wav,0,1
8.wav,1,1
3464.wav,1,1
1275.wav,0,1
4534.wav,1,2
171.mp3,0,2
672.mp3,0,0
4269.amr,1,0
4955.wav,1,1
2574.mp3,1,2
1616.mp3,1,0
5141.wav,0,1
418.amr,0,2
2752.wav,1,1
826.wav,0,1
3166.wav,1,1
1514.wav,0,1
2820.wav,1,1
147.mp3,0,0
1958.mp3,1,0
684.mp3,0,2
1352.wav,0,1
1153.wav,1,2
2046.mp3,1,0
2204.mp3,1,0
1224.wav,1,2
779.wav,0,1
1009.wav,0,1
541.mp3,0,1
4511.mp3,0,1
5503.wav,1,2
3952.mp3,1,2
2485.mp3,0,0
699.mp3,1,0
1771.wav,1,2
5321.wav,1,0
1290.wav,0,1
2495.mp3,0,0
1251.wav,0,1
3855.mp3,1,2
913.mp3,0,2
4618.mp3,1,2
3386.wav,0,1
1441.wav,0,0
1321.wav,0,1
2203.amr,1,2
796.wav,0,2
1877.mp3,1,0
3684.mp3,1,2
4064.mp3,1,0
1714.mp3,0,2
2644.mp3,0,0
4411.amr,1,1
46.amr,1,2
3222.wav,1,1
2035.amr,1,2
4559.mp3,1,2
3021.wav,1,1
5057.wav,1,2
3968.wav,1,2
2079.mp3,1,0
532.wav,1,2
2844.wav,1,1
3895.wav,1,2
3466.wav,1,1
2672.mp3,0,0
716.amr,0,2
3264.wav,1,2
4832.amr,1,0
1368.wav,0,2
1269.wav,0,1
466.wav,0,1
5291.wav,1,2
4842.wav,1,2
1545.wav,0,1
4910.mp3,1,2
4416.wav,1,2
1114.wav,0,2
5463.wav,1,2
1561.wav,0,1
3279.wav,1,0
1355.wav,0,2
2320.mp3,1,2
2821.wav,1,1
3987.amr,1,1
3870.mp3,1,2
2287.mp3,0,1
1115.wav,0,2
3673.wav,1,2
1148.wav,1,0
4515.wav,1,2
3157.wav,1,1
424.mp3,0,1
5085.wav,0,1
2522.wav,1,1
2081.mp3,0,1
5535.wav,1,0
1929.amr,1,2
1287.wav,0,2
5190.wav,1,1
4286.wav,1,2
738.amr,0,2
940.wav,0,2
2781.wav,1,1
1707.mp3,0,1
2085.mp3,1,0
938.mp3,0,2
179.mp3,0,1
3532.wav,1,1
912.wav,1,1
3724.wav,1,1
2001.mp3,1,0
740.wav,0,1
3584.wav,1,1
4104.mp3,1,2
1915.mp3,1,0
3807.amr,1,0
1998.wav,1,2
1222.wav,0,1
4162.wav,1,2
470.mp3,0,2
3285.wav,1,2
5098.wav,1,2
3689.mp3,1,2
3351.wav,1,1
1859.wav,1,1
3857.wav,1,2
845.amr,0,2
2957.wav,1,1
1571.wav,1,1
989.wav,1,2
775.mp3,0,2
2766.wav,0,1
2274.mp3,0,0
1096.wav,0,2
2917.wav,1,1
4627.mp3,1,2
4354.wav,1,2
2710.mp3,0,1
1488.wav,0,1
3139.mp3,0,1
4041.mp3,1,2
2843.wav,1,1
3101.wav,1,2
847.mp3,0,0
554.amr,0,2
5323.wav,1,2
477.mp3,0,2
4927.amr,1,1
695.mp3,0,0
5375.wav,1,2
2774.wav,1,1
3257.wav,1,2
5385.wav,1,2
2115.mp3,1,0
3600.amr,1,2
273.mp3,0,2
4039.mp3,1,2
3067.wav,1,1
5093.wav,1,2
5259.wav,1,1
3561.wav,1,1
888.mp3,0,2
2989.wav,1,2
96.mp3,0,2
681.mp3,0,2
2497.mp3,0,0
1068.wav,0,1
3995.mp3,1,2
3876.mp3,1,2
4552.wav,1,2
2156.mp3,1,0
5298.wav,1,2
3997.mp3,1,2
5434.wav,1,0
2801.wav,0,0
2260.mp3,0,0
4019.wav,1,2
293.amr,0,2
1075.wav,1,1
587.mp3,0,0
1852.wav,1,2
5419.wav,1,1
2390.mp3,0,0
2718.amr,0,2
742.wav,0,2
5332.wav,1,2
4634.wav,1,2
1467.wav,1,1
4188.mp3,1,2
2152.mp3,1,2
1573.mp3,1,2
5421.wav,1,2
2381.wav,1,2
837.mp3,0,0
3611.amr,1,2
222.mp3,0,0
530.mp3,0,2
4412.wav,1,1
2332.wav,0,2
1927.wav,1,1
3863.mp3,1,2
3730.mp3,1,2
2897.wav,1,1
1041.wav,0,1
3282.wav,1,0
5477.wav,1,2
1631.mp3,1,0
4987.mp3,1,2
354.mp3,0,0
4809.mp3,1,2
360.wav,0,1
5046.wav,1,2
5522.wav,1,2
4500.amr,1,1
1878.mp3,1,0
1470.wav,0,2
1717.wav,1,1
3964.wav,1,1
4790.amr,1,1
3168.wav,1,1
4643.mp3,1,2
3671.mp3,1,2
2838.wav,1,0
1353.wav,0,1
49.mp3,0,0
540.amr,0,0
392.mp3,0,0
5268.wav,1,2
4815.mp3,1,2
1239.wav,0,1
1879.wav,1,1
2737.mp3,0,0
3646.mp3,1,2
2111.mp3,0,1
4613.wav,1,2
4986.wav,1,1
3612.mp3,1,2
1456.wav,0,1
748.mp3,0,0
5388.wav,1,2
72.wav,0,1
4977.mp3,1,2
4235.wav,1,2
5451.wav,1,2
2357.mp3,0,2
312.mp3,0,2
498.amr,0,2
2340.amr,0,2
1479.wav,0,1
3536.wav,0,1
2452.mp3,0,0
5162.wav,1,1
4043.mp3,1,2
2141.mp3,1,0
3850.wav,1,2
1178.wav,0,2
4549.wav,1,2
1694.mp3,0,1
3632.mp3,1,2
1133.wav,0,2
3401.wav,1,1
3345.wav,1,1
3159.wav,1,1
2553.mp3,0,0
1252.wav,0,1
4052.mp3,1,0
1690.mp3,1,0
3066.wav,1,1
4656.mp3,0,1
1524.wav,0,1
2563.mp3,0,0
94.amr,0,2
4786.mp3,1,2
2611.mp3,0,0
4609.mp3,1,2
3668.mp3,1,2
1906.mp3,1,0
1889.mp3,1,2
3338.wav,1,1
212.wav,0,1
3459.wav,1,1
4401.mp3,1,2
5275.wav,1,1
2642.mp3,0,0
1295.wav,0,1
968.mp3,0,0
1659.wav,1,2
2453.mp3,0,0
1746.mp3,1,0
5153.wav,1,2
5404.wav,1,1
2905.wav,1,0
1091.wav,0,1
1151.wav,1,2
1834.mp3,1,0
1002.wav,0,1
3787.mp3,0,1
4581.mp3,1,2
3650.wav,1,1
44.mp3,0,2
1454.wav,0,1
3695.wav,1,1
3763.wav,1,2
119.mp3,0,1
2059.wav,1,2
5356.wav,1,0
3238.wav,1,1
2566.mp3,0,0
2930.wav,1,0
3071.wav,1,1
3241.wav,1,1
4464.amr,1,1
3322.wav,1,2
3240.wav,1,2
2753.wav,1,1
3243.amr,1,2
2671.mp3,0,0
3111.amr,1,1
1629.mp3,1,0
594.amr,0,2
4328.wav,1,2
4081.mp3,1,2
43.mp3,1,0
2895.wav,1,1
474.amr,0,2
979.wav,0,2
2026.mp3,1,0
4950.wav,1,2
4250.wav,1,2
159.mp3,0,0
3203.wav,1,1
2624.mp3,0,0
839.wav,0,2
3834.mp3,1,2
99.mp3,0,2
1924.mp3,1,0
4536.mp3,1,2
2170.wav,1,1
2692.wav,0,1
3828.mp3,1,2
3135.wav,0,1
4865.wav,1,2
2879.wav,1,2
5095.wav,1,2
4540.wav,1,2
1902.mp3,0,1
3976.wav,1,2
4637.amr,1,1
2401.mp3,0,0
5157.wav,1,2
3324.wav,1,1
3475.wav,1,1
3636.wav,1,2
2342.mp3,0,0
1866.mp3,1,0
4374.amr,1,2
3275.wav,1,1
2973.wav,1,1
3247.wav,1,0
4373.wav,1,2
3700.mp3,1,2
1463.wav,1,1
627.wav,0,1
1127.wav,0,2
1676.mp3,1,0
3515.wav,1,2
982.wav,0,2
3527.wav,1,2
2154.mp3,1,0
2202.mp3,1,2
4206.mp3,1,2
4520.mp3,1,2
3182.wav,0,1
2887.wav,1,1
1143.wav,0,0
5441.wav,1,2
4948.wav,1,2
1582.wav,1,2
1910.mp3,1,0
3790.mp3,1,2
3930.wav,1,2
1779.wav,1,1
3638.amr,1,1
522.amr,0,2
220.amr,1,2
2182.mp3,1,0
1757.wav,1,1
3505.wav,1,0
3645.mp3,1,2
2907.wav,1,1
4813.mp3,1,2
1954.amr,1,2
2722.mp3,0,0
3379.wav,1,2
4913.wav,1,1
4335.mp3,1,2
5239.wav,1,2
4587.mp3,1,2
5144.wav,1,1
4304.mp3,1,2
5227.wav,1,2
2865.amr,1,1
1077.wav,1,0
132.wav,0,1
3780.amr,1,2
4595.wav,1,1
1983.mp3,1,0
4337.mp3,1,2
902.mp3,0,2
580.mp3,0,2
239.mp3,0,2
4742.wav,1,1
4326.mp3,1,2
2839.wav,1,1
4933.mp3,1,2
3235.wav,1,1
1213.mp3,0,0
2755.wav,1,1
4276.wav,1,2
4215.wav,1,1
476.amr,0,0
4941.wav,1,1
5047.wav,1,2
440.wav,0,1
2656.mp3,0,0
4441.mp3,1,2
484.mp3,0,2
5107.wav,1,2
1442.wav,0,1
4996.mp3,1,2
1662.mp3,1,2
3785.mp3,0,1
2101.mp3,0,2
2468.mp3,0,0
2603.mp3,0,0
1015.wav,0,2
371.mp3,0,0
3040.wav,1,1
1693.mp3,1,0
2427.wav,0,1
3691.mp3,1,2
4190.mp3,1,2
349.mp3,0,2
4962.mp3,1,2
1799.mp3,1,2
1201.wav,0,1
5548.wav,1,1
1710.amr,1,2
1733.mp3,1,0
5207.wav,1,2
2733.mp3,0,0
714.amr,0,0
3991.wav,1,1
121.amr,0,0
2723.mp3,0,0
120.wav,0,1
3580.wav,1,1
561.mp3,0,0
1119.wav,0,0
5158.wav,1,1
5185.wav,1,2
5106.wav,0,1
3442.wav,1,1
5132.wav,1,2
3260.wav,1,1
2476.mp3,0,0
2060.wav,1,2
2074.mp3,1,0
3587.wav,1,1
3783.wav,1,2
1359.wav,0,1
1810.mp3,1,0
2279.amr,0,2
4833.wav,1,1
1348.wav,0,1
1873.mp3,1,0
5308.wav,1,2
1167.wav,0,1
4321.mp3,1,2
2440.mp3,0,2
4205.mp3,1,2
3753.wav,0,2
2162.mp3,1,0
3792.mp3,1,0
3436.wav,1,1
4384.mp3,1,2
4246.wav,1,2
2216.mp3,1,2
4346.wav,1,2
2010.mp3,1,0
809.amr,0,2
1183.wav,0,1
3140.wav,1,1
2285.mp3,0,1
4001.mp3,1,2
4664.wav,1,2
2546.mp3,0,0
1154.wav,1,2
3318.wav,1,1
2080.mp3,0,1
4696.mp3,1,2
408.mp3,0,0
2297.wav,0,1
494.mp3,0,0
4798.wav,0,1
4049.mp3,1,2
5315.wav,1,2
4018.wav,1,0
1649.wav,1,2
2363.mp3,0,0
4992.wav,0,1
2764.wav,1,2
3020.wav,1,1
2214.mp3,1,0
3035.wav,1,0
1069.wav,0,1
3063.wav,1,0
2572.mp3,0,2
1848.mp3,1,0
2714.mp3,0,0
4166.mp3,1,2
3762.amr,1,0
1487.wav,0,1
2064.mp3,0,1
583.amr,0,2
1928.wav,1,1
1013.wav,1,2
4033.mp3,1,2
1386.amr,0,2
4297.wav,1,2
3659.wav,1,2
4488.mp3,1,2
81.mp3,1,2
5139.wav,1,1
130.wav,0,1
5172.wav,1,2
3417.amr,0,1
5443.wav,1,1
5400.wav,1,2
3897.mp3,1,2
4285.wav,1,2
1126.wav,0,2
3656.amr,1,0
942.amr,0,2
793.mp3,0,2
5411.wav,1,2
2860.wav,1,2
1435.amr,0,2
4187.mp3,1,0
1518.wav,0,1
1179.wav,0,2
1121.wav,1,1
5313.wav,1,2
1747.wav,1,0
1564.wav,0,1
2939.wav,1,0
448.amr,0,2
3056.amr,1,2
17.amr,0,2
4724.wav,1,2
1141.wav,0,2
941.wav,0,2
1653.wav,1,1
1603.wav,1,1
4196.amr,1,1
3309.amr,1,2
5022.wav,1,1
5215.wav,1,2
4657.wav,1,2
829.mp3,0,2
256.wav,0,2
5541.wav,1,2
4525.wav,1,1
3960.mp3,0,1
483.mp3,0,2
3802.mp3,0,1
3269.wav,1,1
4654.wav,1,2
5479.wav,1,2
5249.wav,1,2
2036.mp3,1,0
749.mp3,0,2
3170.wav,1,2
2145.mp3,1,2
1205.wav,1,2
700.amr,0,2
2579.mp3,0,0
3161.wav,1,1
155.mp3,0,2
3622.mp3,1,2
5236.wav,1,2
3380.wav,1,1
3330.wav,1,1
5257.wav,0,1
2138.amr,1,2
3394.wav,1,1
4576.mp3,1,2
4614.wav,1,1
4823.wav,1,2
4059.wav,1,1
5485.wav,0,2
3072.wav,1,2
2987.mp3,0,0
676.amr,0,2
3838.wav,1,1
883.wav,0,1
4398.wav,1,2
